filename,classification,source
vlcsnap-00050.jpg,good,data_2
vlcsnap-2025-02-18-23h08m14s528.jpg,good,data_2
vlcsnap-2025-02-19-14h19m07s758.jpg,good,data_2
vlcsnap-2025-02-18-23h08m06s820.jpg,good,data_2
vlcsnap-2025-02-18-23h13m36s544.jpg,good,data_2
vlcsnap-00044.jpg,good,data_2
vlcsnap-2025-02-26-20h32m58s106.jpg,good,data_2
vlcsnap-2025-02-26-20h38m17s338.jpg,good,data_2
vlcsnap-2025-02-19-14h17m04s279.jpg,good,data_2
vlcsnap-2025-02-18-18h47m52s406.jpg,good,data_2
vlcsnap-2025-02-19-17h09m23s556.jpg,good,data_2
vlcsnap-00078.jpg,good,data_2
vlcsnap-2025-02-19-16h57m23s034.jpg,good,data_2
vlcsnap-2025-02-18-17h11m24s642.jpg,good,data_2
vlcsnap-00093.jpg,good,data_2
vlcsnap-2025-02-18-23h15m48s025.jpg,good,data_2
vlcsnap-00087.jpg,good,data_2
vlcsnap-2025-02-19-13h53m01s070.jpg,good,data_2
vlcsnap-2025-02-19-14h21m20s272.jpg,good,data_2
vlcsnap-2025-02-18-18h33m06s501.jpg,good,data_2
vlcsnap-2025-02-18-18h42m10s120.jpg,good,data_2
vlcsnap-2025-02-18-23h13m40s766.jpg,good,data_2
20250219_164838.jpg,good,data_2
vlcsnap-2025-02-19-14h22m11s941.jpg,good,data_2
vlcsnap-2025-02-19-14h22m31s721.jpg,good,data_2
vlcsnap-2025-02-19-15h05m47s629.jpg,good,data_2
vlcsnap_2025-03-16-15h16m59s824.jpg,good,data_2
vlcsnap-2025-02-19-14h49m32s273.jpg,good,data_2
20250219_170332.jpg,good,data_2
vlcsnap-2025-02-19-17h14m33s249.jpg,good,data_2
vlcsnap-2025-02-19-17h09m41s152.jpg,good,data_2
vlcsnap-2025-02-19-15h10m06s856.jpg,good,data_2
vlcsnap-2025-02-19-14h53m03s993.jpg,good,data_2
vlcsnap-2025-02-19-14h01m07s334.jpg,good,data_2
vlcsnap-2025-02-18-23h30m28s299.jpg,good,data_2
vlcsnap-2025-02-19-14h48m50s009.jpg,good,data_2
vlcsnap-2025-02-19-14h24m38s339.jpg,good,data_2
vlcsnap-2025-02-19-17h04m59s792.jpg,good,data_2
vlcsnap-2025-02-26-20h37m05s314.jpg,good,data_2
vlcsnap-2025-02-18-18h31m12s392.jpg,good,data_2
vlcsnap-2025-02-19-14h28m57s765.jpg,good,data_2
vlcsnap-2025-02-19-14h02m26s218.jpg,good,data_2
vlcsnap-2025-02-18-23h11m19s862.jpg,good,data_2
vlcsnap-00124.jpg,good,data_2
vlcsnap-2025-02-26-20h39m22s097.jpg,good,data_2
vlcsnap-00130.jpg,good,data_2
vlcsnap-2025-02-18-23h08m23s671.jpg,good,data_2
vlcsnap-2025-02-18-18h33m15s549.jpg,good,data_2
vlcsnap-00118.jpg,good,data_2
vlcsnap-2025-02-19-14h17m32s327.jpg,good,data_2
vlcsnap-2025-02-19-14h05m09s849.jpg,good,data_2
vlcsnap-2025-02-18-18h45m42s458.jpg,good,data_2
vlcsnap-2025-02-18-17h05m15s149.jpg,good,data_2
vlcsnap-2025-02-18-23h08m25s146.jpg,good,data_2
vlcsnap-2025-02-19-14h44m06s363.jpg,good,data_2
vlcsnap_2025-03-16-15h13m51s947.jpg,good,data_2
vlcsnap-2025-02-19-14h18m09s429.jpg,good,data_2
vlcsnap_2025-03-16-15h24m09s426.jpg,good,data_2
vlcsnap-2025-02-19-14h44m25s230.jpg,good,data_2
vlcsnap-2025-02-18-23h30m22s402.jpg,good,data_2
vlcsnap-2025-02-19-17h01m22s346.jpg,good,data_2
vlcsnap-2025-02-19-15h10m53s105.jpg,good,data_2
vlcsnap-2025-02-19-14h06m47s953.jpg,good,data_2
vlcsnap_2025-03-16-15h22m11s370.jpg,good,data_2
vlcsnap-2025-02-18-18h36m01s579.jpg,good,data_2
20250219_164756.jpg,good,data_2
vlcsnap-00119.jpg,good,data_2
vlcsnap-2025-02-19-15h03m09s050.jpg,good,data_2
vlcsnap-00131.jpg,good,data_2
vlcsnap-00125.jpg,good,data_2
vlcsnap-2025-02-18-18h45m43s851.jpg,good,data_2
vlcsnap-2025-02-19-16h57m25s676.jpg,good,data_2
vlcsnap-2025-02-19-15h10m20s504.jpg,good,data_2
vlcsnap-2025-02-18-23h12m43s353.jpg,good,data_2
20250216_164521.jpg,good,data_2
vlcsnap-2025-02-19-13h53m34s588.jpg,good,data_2
vlcsnap-2025-02-18-17h03m57s474.jpg,good,data_2
vlcsnap-2025-02-18-23h15m53s485.jpg,good,data_2
vlcsnap-2025-02-18-17h02m07s200.jpg,good,data_2
vlcsnap-2025-02-19-14h22m13s272.jpg,good,data_2
vlcsnap-2025-02-19-14h11m14s717.jpg,good,data_2
vlcsnap-2025-02-19-14h00m34s961.jpg,good,data_2
20250219_170253.jpg,good,data_2
vlcsnap-2025-02-18-17h01m59s496.jpg,good,data_2
vlcsnap-2025-02-26-20h37m11s057.jpg,good,data_2
vlcsnap-2025-02-18-18h31m02s378.jpg,good,data_2
20250219_170509.jpg,good,data_2
vlcsnap-2025-02-26-20h37m32s919.jpg,good,data_2
vlcsnap-2025-02-19-14h11m58s667.jpg,good,data_2
vlcsnap-2025-02-26-20h40m57s113.jpg,good,data_2
vlcsnap-2025-02-26-20h35m19s621.jpg,good,data_2
vlcsnap-2025-02-26-20h36m10s957.jpg,good,data_2
vlcsnap-2025-02-19-14h04m04s152.jpg,good,data_2
vlcsnap-2025-02-18-23h27m05s418.jpg,good,data_2
vlcsnap_2025-03-16-15h27m59s027.jpg,good,data_2
vlcsnap-2025-02-18-23h28m40s708.jpg,good,data_2
vlcsnap-2025-02-18-17h10m47s400.jpg,good,data_2
vlcsnap-2025-02-18-17h01m51s484.jpg,good,data_2
vlcsnap-2025-02-19-14h43m47s256.jpg,good,data_2
vlcsnap-2025-02-18-23h30m34s296.jpg,good,data_2
vlcsnap-2025-02-18-18h32m35s761.jpg,good,data_2
vlcsnap-2025-02-19-14h13m43s273.jpg,good,data_2
vlcsnap-2025-02-18-18h31m57s343.jpg,good,data_2
20250219_170858.jpg,good,data_2
vlcsnap_2025-03-16-15h15m01s204.jpg,good,data_2
vlcsnap-2025-02-19-15h11m43s419.jpg,good,data_2
vlcsnap-2025-02-18-23h13m28s466.jpg,good,data_2
vlcsnap-00086.jpg,good,data_2
vlcsnap_2025-03-16-15h22m08s603.jpg,good,data_2
vlcsnap-00092.jpg,good,data_2
vlcsnap-2025-02-18-18h32m50s443.jpg,good,data_2
vlcsnap-00079.jpg,good,data_2
vlcsnap-2025-02-19-13h55m39s761.jpg,good,data_2
vlcsnap-2025-02-18-23h23m26s734.jpg,good,data_2
vlcsnap-2025-02-26-20h36m32s632.jpg,good,data_2
vlcsnap_2025-03-16-15h25m32s867.jpg,good,data_2
vlcsnap-00045.jpg,good,data_2
vlcsnap-00051.jpg,good,data_2
vlcsnap-00047.jpg,good,data_2
vlcsnap-2025-02-26-20h42m27s062.jpg,good,data_2
vlcsnap-2025-02-19-17h14m23s060.jpg,good,data_2
vlcsnap-2025-02-19-14h21m04s606.jpg,good,data_2
vlcsnap-00053.jpg,good,data_2
vlcsnap_2025-03-16-15h23m39s997.jpg,good,data_2
vlcsnap-2025-02-26-20h38m02s518.jpg,good,data_2
vlcsnap-2025-02-18-17h01m16s802.jpg,good,data_2
vlcsnap-2025-02-26-20h31m18s667.jpg,good,data_2
20250219_164807.jpg,good,data_2
20250219_164813.jpg,good,data_2
vlcsnap-00090.jpg,good,data_2
vlcsnap-2025-02-18-23h14m08s861.jpg,good,data_2
vlcsnap-2025-02-19-14h14m55s938.jpg,good,data_2
vlcsnap-2025-02-26-20h35m22s372.jpg,good,data_2
vlcsnap-2025-02-19-14h52m19s141.jpg,good,data_2
vlcsnap-2025-02-19-14h28m10s843.jpg,good,data_2
vlcsnap-2025-02-19-16h24m21s332.jpg,good,data_2
vlcsnap-2025-02-19-14h20m22s734.jpg,good,data_2
vlcsnap-2025-02-19-15h11m28s430.jpg,good,data_2
vlcsnap-2025-02-19-14h12m00s934.jpg,good,data_2
vlcsnap-2025-02-19-14h16m33s629.jpg,good,data_2
vlcsnap-2025-02-19-17h04m49s140.jpg,good,data_2
vlcsnap-2025-02-18-18h46m45s039.jpg,good,data_2
20250216_164325.jpg,good,data_2
vlcsnap-2025-02-26-20h35m33s377.jpg,good,data_2
vlcsnap-2025-02-18-23h30m26s420.jpg,good,data_2
vlcsnap-2025-02-19-14h57m44s637.jpg,good,data_2
vlcsnap-2025-02-19-14h27m02s489.jpg,good,data_2
vlcsnap-2025-02-18-23h27m22s780.jpg,good,data_2
vlcsnap-2025-02-18-18h32m15s452.jpg,good,data_2
vlcsnap-2025-02-18-17h06m30s085.jpg,good,data_2
vlcsnap-2025-02-18-17h02m19s484.jpg,good,data_2
20250223_143908.jpg,good,data_2
vlcsnap-2025-02-19-15h08m06s801.jpg,good,data_2
vlcsnap-2025-02-19-14h15m01s836.jpg,good,data_2
vlcsnap-2025-02-19-14h24m21s932.jpg,good,data_2
vlcsnap_2025-03-16-15h15m48s964.jpg,good,data_2
vlcsnap-2025-02-19-14h08m41s845.jpg,good,data_2
vlcsnap-2025-02-19-14h42m08s843.jpg,good,data_2
vlcsnap-2025-02-19-16h24m11s229.jpg,good,data_2
vlcsnap-2025-02-19-14h18m42s334.jpg,good,data_2
vlcsnap-2025-02-19-14h04m58s785.jpg,good,data_2
vlcsnap_2025-03-16-15h17m30s232.jpg,good,data_2
vlcsnap-2025-02-19-14h18m57s265.jpg,good,data_2
vlcsnap-2025-02-19-14h19m49s935.jpg,good,data_2
vlcsnap-2025-02-19-14h19m05s064.jpg,good,data_2
vlcsnap-2025-02-19-14h17m38s435.jpg,good,data_2
vlcsnap-2025-02-18-18h36m11s989.jpg,good,data_2
vlcsnap-2025-02-18-17h02m47s744.jpg,good,data_2
vlcsnap-2025-02-26-20h34m14s320.jpg,good,data_2
vlcsnap-2025-02-26-20h33m08s413.jpg,good,data_2
vlcsnap-2025-02-18-23h25m45s670.jpg,good,data_2
vlcsnap-2025-02-19-15h10m37s208.jpg,good,data_2
vlcsnap-2025-02-19-14h49m22s648.jpg,good,data_2
vlcsnap-00133.jpg,good,data_2
vlcsnap-2025-02-18-23h28m32s534.jpg,good,data_2
vlcsnap-2025-02-19-13h53m14s903.jpg,good,data_2
vlcsnap-00127.jpg,good,data_2
20250219_164754.jpg,good,data_2
vlcsnap-2025-02-18-17h10m30s786.jpg,good,data_2
vlcsnap-2025-02-18-18h35m39s859.jpg,good,data_2
vlcsnap-2025-02-19-14h42m40s085.jpg,good,data_2
vlcsnap-2025-02-19-14h16m52s271.jpg,good,data_2
vlcsnap-2025-02-18-23h09m22s021.jpg,good,data_2
vlcsnap-2025-02-19-14h17m30s779.jpg,good,data_2
vlcsnap-2025-02-19-14h22m41s800.jpg,good,data_2
vlcsnap-2025-02-18-18h32m41s732.jpg,good,data_2
20250223_144242.jpg,good,data_2
vlcsnap-2025-02-18-17h06m09s837.jpg,good,data_2
vlcsnap-2025-02-18-17h03m47s890.jpg,good,data_2
vlcsnap-2025-02-18-18h46m58s379.jpg,good,data_2
vlcsnap-2025-02-19-14h18m22s350.jpg,good,data_2
vlcsnap-2025-02-19-15h08m17s622.jpg,good,data_2
vlcsnap-2025-02-19-13h53m13s598.jpg,good,data_2
vlcsnap-2025-02-18-18h32m20s009.jpg,good,data_2
vlcsnap-2025-02-18-17h03m43s523.jpg,good,data_2
vlcsnap-2025-02-18-23h09m12s073.jpg,good,data_2
vlcsnap-2025-02-18-17h01m32s441.jpg,good,data_2
20250219_165339.jpg,good,data_2
vlcsnap-2025-02-19-14h19m16s367.jpg,good,data_2
vlcsnap-2025-02-19-14h21m42s258.jpg,good,data_2
vlcsnap-2025-02-19-14h30m10s427.jpg,good,data_2
vlcsnap-2025-02-18-18h47m22s071.jpg,good,data_2
vlcsnap-2025-02-19-14h07m15s238.jpg,good,data_2
vlcsnap-00126.jpg,good,data_2
vlcsnap-2025-02-18-23h12m19s305.jpg,good,data_2
vlcsnap-2025-02-18-23h27m36s819.jpg,good,data_2
vlcsnap-2025-02-18-17h10m56s572.jpg,good,data_2
vlcsnap-00132.jpg,good,data_2
vlcsnap-2025-02-19-14h21m02s093.jpg,good,data_2
vlcsnap-2025-02-18-23h30m33s376.jpg,good,data_2
vlcsnap-2025-02-18-23h27m57s460.jpg,good,data_2
vlcsnap-2025-02-26-20h37m58s129.jpg,good,data_2
vlcsnap-2025-02-18-18h47m24s578.jpg,good,data_2
vlcsnap-2025-02-19-17h03m02s980.jpg,good,data_2
vlcsnap-2025-02-18-18h36m00s225.jpg,good,data_2
vlcsnap-2025-02-19-16h17m29s412.jpg,good,data_2
20250223_144041.jpg,good,data_2
vlcsnap-2025-02-19-14h10m30s092.jpg,good,data_2
vlcsnap-2025-02-18-18h48m23s940.jpg,good,data_2
vlcsnap-2025-02-19-14h57m06s711.jpg,good,data_2
vlcsnap-2025-02-18-17h03m03s515.jpg,good,data_2
vlcsnap-2025-02-18-18h32m22s087.jpg,good,data_2
vlcsnap-2025-02-19-14h51m48s394.jpg,good,data_2
vlcsnap-2025-02-19-14h13m33s567.jpg,good,data_2
vlcsnap-2025-02-19-14h15m15s354.jpg,good,data_2
vlcsnap-2025-02-19-17h05m28s575.jpg,good,data_2
20250223_144121.jpg,good,data_2
vlcsnap-2025-02-19-17h08m53s830.jpg,good,data_2
vlcsnap-2025-02-26-20h36m39s333.jpg,good,data_2
vlcsnap-2025-02-19-14h24m40s628.jpg,good,data_2
vlcsnap-2025-02-26-20h33m16s337.jpg,good,data_2
vlcsnap-2025-02-18-18h31m07s376.jpg,good,data_2
20250219_170318.jpg,good,data_2
vlcsnap-2025-02-19-14h02m20s317.jpg,good,data_2
vlcsnap-2025-02-19-14h01m01s373.jpg,good,data_2
vlcsnap-2025-02-18-18h30m48s626.jpg,good,data_2
vlcsnap-2025-02-26-20h36m23s152.jpg,good,data_2
vlcsnap-2025-02-18-23h15m56s312.jpg,good,data_2
vlcsnap-2025-02-18-23h07m53s515.jpg,good,data_2
vlcsnap-2025-02-26-20h40m58s977.jpg,good,data_2
vlcsnap-2025-02-18-23h15m38s268.jpg,good,data_2
vlcsnap-2025-02-19-14h10m59s553.jpg,good,data_2
vlcsnap-00091.jpg,good,data_2
vlcsnap-00085.jpg,good,data_2
vlcsnap-2025-02-18-18h47m20s564.jpg,good,data_2
vlcsnap-2025-02-26-20h42m24s605.jpg,good,data_2
vlcsnap-2025-02-18-23h28m38s634.jpg,good,data_2
vlcsnap-2025-02-18-17h04m52s353.jpg,good,data_2
vlcsnap-2025-02-26-20h32m19s876.jpg,good,data_2
vlcsnap-2025-02-18-18h32m25s979.jpg,good,data_2
vlcsnap-2025-02-19-14h51m06s256.jpg,good,data_2
vlcsnap_2025-03-16-15h26m23s112.jpg,good,data_2
vlcsnap-00052.jpg,good,data_2
vlcsnap-2025-02-26-20h41m02s345.jpg,good,data_2
vlcsnap-2025-02-19-16h21m33s637.jpg,good,data_2
vlcsnap-00046.jpg,good,data_2
vlcsnap-2025-02-26-20h42m00s262.jpg,good,data_2
vlcsnap_2025-03-16-15h15m22s387.jpg,good,data_2
vlcsnap-00042.jpg,good,data_2
vlcsnap-00056.jpg,good,data_2
vlcsnap-2025-02-19-14h27m58s022.jpg,good,data_2
vlcsnap-2025-02-18-18h42m39s599.jpg,good,data_2
vlcsnap_2025-03-16-15h14m02s970.jpg,good,data_2
vlcsnap-2025-02-19-16h23m27s315.jpg,good,data_2
vlcsnap-2025-02-18-17h06m17s642.jpg,good,data_2
vlcsnap-2025-02-18-17h01m48s245.jpg,good,data_2
vlcsnap-00081.jpg,good,data_2
vlcsnap-2025-02-19-17h09m12s076.jpg,good,data_2
vlcsnap-00095.jpg,good,data_2
vlcsnap-2025-02-18-23h24m34s484.jpg,good,data_2
vlcsnap-2025-02-26-20h40m16s655.jpg,good,data_2
vlcsnap-2025-02-19-15h11m53s813.jpg,good,data_2
vlcsnap_2025-03-16-15h15m43s873.jpg,good,data_2
vlcsnap-2025-02-19-14h24m13s530.jpg,good,data_2
vlcsnap-2025-02-19-15h08m08s106.jpg,good,data_2
vlcsnap-2025-02-19-15h10m40s348.jpg,good,data_2
vlcsnap-2025-02-19-14h17m12s979.jpg,good,data_2
vlcsnap-2025-02-18-17h06m28s723.jpg,good,data_2
vlcsnap-2025-02-19-15h02m56s842.jpg,good,data_2
vlcsnap-2025-02-19-15h07m54s836.jpg,good,data_2
vlcsnap-2025-02-19-14h15m37s010.jpg,good,data_2
vlcsnap-2025-02-19-17h06m11s315.jpg,good,data_2
vlcsnap-2025-02-19-15h08m03s174.jpg,good,data_2
vlcsnap-2025-02-18-18h36m13s453.jpg,good,data_2
20250219_170526.jpg,good,data_2
vlcsnap-2025-02-26-20h34m21s541.jpg,good,data_2
vlcsnap-2025-02-18-23h30m29s649.jpg,good,data_2
vlcsnap-2025-02-18-17h05m47s256.jpg,good,data_2
vlcsnap-2025-02-18-18h32m46s944.jpg,good,data_2
vlcsnap-2025-02-19-14h20m27s927.jpg,good,data_2
vlcsnap-2025-02-19-16h24m19s410.jpg,good,data_2
vlcsnap-2025-02-18-18h36m04s163.jpg,good,data_2
vlcsnap-2025-02-18-23h25m03s376.jpg,good,data_2
vlcsnap-2025-02-18-17h06m16s069.jpg,good,data_2
vlcsnap-2025-02-19-14h20m17s035.jpg,good,data_2
vlcsnap-2025-02-18-23h24m58s564.jpg,good,data_2
20250219_165329.jpg,good,data_2
vlcsnap-2025-02-19-14h02m16s715.jpg,good,data_2
vlcsnap-2025-02-18-23h27m47s699.jpg,good,data_2
vlcsnap-2025-02-18-23h15m45s809.jpg,good,data_2
vlcsnap-00136.jpg,good,data_2
vlcsnap-2025-02-26-20h38m55s351.jpg,good,data_2
vlcsnap-00122.jpg,good,data_2
vlcsnap-2025-02-18-18h32m57s772.jpg,good,data_2
vlcsnap-2025-02-18-23h10m44s955.jpg,good,data_2
vlcsnap-2025-02-18-18h30m59s960.jpg,good,data_2
vlcsnap-2025-02-19-15h05m34s170.jpg,good,data_2
vlcsnap-2025-02-18-23h11m35s391.jpg,good,data_2
vlcsnap-2025-02-19-14h56m49s906.jpg,good,data_2
vlcsnap-2025-02-26-20h39m19s729.jpg,good,data_2
20250223_144246.jpg,good,data_2
vlcsnap-2025-02-19-17h09m29s678.jpg,good,data_2
vlcsnap_2025-03-16-15h25m41s482.jpg,good,data_2
vlcsnap-2025-02-18-17h02m05s303.jpg,good,data_2
vlcsnap-2025-02-18-18h47m07s604.jpg,good,data_2
vlcsnap-00123.jpg,good,data_2
vlcsnap-2025-02-18-17h05m06s728.jpg,good,data_2
vlcsnap-2025-02-19-14h16m35s287.jpg,good,data_2
vlcsnap-00137.jpg,good,data_2
vlcsnap-2025-02-18-18h31m58s673.jpg,good,data_2
vlcsnap-2025-02-18-18h30m34s270.jpg,good,data_2
vlcsnap-2025-02-19-14h13m27s740.jpg,good,data_2
vlcsnap-2025-02-19-14h56m50s870.jpg,good,data_2
vlcsnap-2025-02-26-20h41m04s067.jpg,good,data_2
vlcsnap-2025-02-18-23h15m51s021.jpg,good,data_2
vlcsnap-2025-02-19-17h00m19s245.jpg,good,data_2
vlcsnap-2025-02-19-17h02m54s622.jpg,good,data_2
vlcsnap-2025-02-19-14h04m31s687.jpg,good,data_2
vlcsnap-2025-02-26-20h35m00s383.jpg,good,data_2
vlcsnap-2025-02-19-14h22m21s120.jpg,good,data_2
vlcsnap-2025-02-18-18h33m32s561.jpg,good,data_2
vlcsnap-2025-02-18-17h05m19s801.jpg,good,data_2
vlcsnap-2025-02-19-17h16m03s525.jpg,good,data_2
vlcsnap-2025-02-19-15h06m12s627.jpg,good,data_2
20250223_144911.jpg,good,data_2
vlcsnap-2025-02-18-17h02m26s898.jpg,good,data_2
vlcsnap-2025-02-18-18h31m28s979.jpg,good,data_2
vlcsnap-2025-02-19-17h14m36s486.jpg,good,data_2
vlcsnap-2025-02-18-17h04m14s457.jpg,good,data_2
vlcsnap-2025-02-18-17h06m02s504.jpg,good,data_2
vlcsnap-2025-02-18-18h30m20s293.jpg,good,data_2
vlcsnap-2025-02-18-18h45m11s421.jpg,good,data_2
vlcsnap-2025-02-19-14h43m53s660.jpg,good,data_2
vlcsnap-2025-02-19-14h17m05s509.jpg,good,data_2
vlcsnap-2025-02-18-18h42m11s693.jpg,good,data_2
vlcsnap-2025-02-19-14h15m45s159.jpg,good,data_2
vlcsnap-2025-02-19-14h43m39s458.jpg,good,data_2
vlcsnap-00094.jpg,good,data_2
vlcsnap-00080.jpg,good,data_2
vlcsnap-2025-02-19-14h13m32s567.jpg,good,data_2
vlcsnap-2025-02-19-17h04m13s313.jpg,good,data_2
vlcsnap-2025-02-18-23h13m55s630.jpg,good,data_2
vlcsnap-2025-02-26-20h35m20s918.jpg,good,data_2
vlcsnap-2025-02-19-14h26m57s974.jpg,good,data_2
vlcsnap-2025-02-19-14h11m17s573.jpg,good,data_2
vlcsnap-00057.jpg,good,data_2
vlcsnap-2025-02-19-15h09m52s738.jpg,good,data_2
vlcsnap-2025-02-19-14h09m52s939.jpg,good,data_2
vlcsnap-00097-MSI.jpg,good,data_2
vlcsnap_2025-03-16-15h18m28s053.jpg,good,data_2
vlcsnap-2025-02-19-14h44m52s414.jpg,good,data_2
vlcsnap-2025-02-19-14h59m27s203.jpg,good,data_2
vlcsnap-2025-02-18-23h25m01s474.jpg,good,data_2
vlcsnap-2025-02-19-14h18m39s521.jpg,good,data_2
vlcsnap-00069.jpg,good,data_2
vlcsnap-2025-02-26-20h40m04s974.jpg,good,data_2
vlcsnap-2025-02-19-13h52m41s173.jpg,good,data_2
vlcsnap-2025-02-19-13h55m47s384.jpg,good,data_2
vlcsnap-00055.jpg,good,data_2
vlcsnap-00041.jpg,good,data_2
20250219_164829.jpg,good,data_2
vlcsnap-2025-02-18-18h31m01s136.jpg,good,data_2
vlcsnap-2025-02-19-14h02m13s928.jpg,good,data_2
vlcsnap-2025-02-26-20h36m19s818.jpg,good,data_2
vlcsnap-2025-02-18-23h24m41s570.jpg,good,data_2
vlcsnap-2025-02-19-14h30m31s728.jpg,good,data_2
vlcsnap-2025-02-26-20h41m39s388.jpg,good,data_2
vlcsnap-00096.jpg,good,data_2
vlcsnap-2025-02-26-20h33m53s519.jpg,good,data_2
vlcsnap-2025-02-18-23h15m49s227.jpg,good,data_2
vlcsnap-2025-02-18-23h26m42s214.jpg,good,data_2
vlcsnap-2025-02-18-23h15m43s091.jpg,good,data_2
vlcsnap-00082.jpg,good,data_2
vlcsnap-2025-02-18-17h05m23s006.jpg,good,data_2
vlcsnap-2025-02-19-14h25m58s876.jpg,good,data_2
vlcsnap-2025-02-19-14h10m37s406.jpg,good,data_2
vlcsnap-2025-02-19-17h09m33s751.jpg,good,data_2
vlcsnap-2025-02-18-18h47m49s868.jpg,good,data_2
vlcsnap-2025-02-19-14h24m58s985.jpg,good,data_2
vlcsnap-2025-02-18-23h16m37s804.jpg,good,data_2
vlcsnap-2025-02-19-14h12m25s165.jpg,good,data_2
vlcsnap-2025-02-19-16h22m29s339.jpg,good,data_2
vlcsnap_2025-03-16-15h31m42s236.jpg,good,data_2
vlcsnap-2025-02-26-20h33m55s986.jpg,good,data_2
vlcsnap-2025-02-19-14h57m45s556.jpg,good,data_2
vlcsnap-2025-02-19-15h08m00s922.jpg,good,data_2
vlcsnap-2025-02-19-15h05m38s035.jpg,good,data_2
vlcsnap-2025-02-18-23h25m05s324.jpg,good,data_2
vlcsnap_2025-03-16-15h22m39s725.jpg,good,data_2
vlcsnap-2025-02-18-18h33m02s295.jpg,good,data_2
20250219_170531.jpg,good,data_2
vlcsnap-2025-02-18-17h05m59s410.jpg,good,data_2
vlcsnap_2025-03-16-15h20m14s119.jpg,good,data_2
vlcsnap-2025-02-18-23h24m30s869.jpg,good,data_2
vlcsnap_2025-03-16-15h28m13s605.jpg,good,data_2
20250219_165100.jpg,good,data_2
vlcsnap-2025-02-19-13h53m30s157.jpg,good,data_2
vlcsnap-2025-02-18-18h33m37s340.jpg,good,data_2
vlcsnap-2025-02-19-14h17m49s490.jpg,good,data_2
vlcsnap-2025-02-19-14h41m17s010.jpg,good,data_2
vlcsnap-2025-02-19-15h11m02s002.jpg,good,data_2
vlcsnap-2025-02-19-15h07m53s295.jpg,good,data_2
vlcsnap_2025-03-16-15h17m51s254.jpg,good,data_2
vlcsnap-2025-02-26-20h32m29s598.jpg,good,data_2
vlcsnap-2025-02-19-14h16m51s149.jpg,good,data_2
vlcsnap-2025-02-19-17h03m42s580.jpg,good,data_2
vlcsnap-2025-02-19-14h17m58s126.jpg,good,data_2
vlcsnap-2025-02-19-14h15m08s576.jpg,good,data_2
vlcsnap-2025-02-19-14h00m47s155.jpg,good,data_2
20250219_164746.jpg,good,data_2
vlcsnap-2025-02-19-13h55m56s975.jpg,good,data_2
vlcsnap-00109.jpg,good,data_2
vlcsnap-2025-02-19-14h43m36s622.jpg,good,data_2
vlcsnap-2025-02-19-14h48m54s951.jpg,good,data_2
vlcsnap-2025-02-19-14h18m13s117.jpg,good,data_2
vlcsnap-00121.jpg,good,data_2
vlcsnap-00135.jpg,good,data_2
vlcsnap-2025-02-18-18h47m36s452.jpg,good,data_2
vlcsnap-2025-02-19-14h19m40s893.jpg,good,data_2
vlcsnap-2025-02-19-14h21m29s062.jpg,good,data_2
vlcsnap-2025-02-18-18h42m13s186.jpg,good,data_2
vlcsnap-2025-02-18-17h04m00s307.jpg,good,data_2
vlcsnap-2025-02-18-23h27m41s807.jpg,good,data_2
vlcsnap-2025-02-18-23h29m17s065.jpg,good,data_2
vlcsnap-2025-02-19-13h53m22s735.jpg,good,data_2
vlcsnap-2025-02-19-14h10m55s163.jpg,good,data_2
vlcsnap-2025-02-26-20h38m04s406.jpg,good,data_2
vlcsnap-2025-02-19-14h18m08s164.jpg,good,data_2
vlcsnap-2025-02-19-14h17m55s306.jpg,good,data_2
vlcsnap-2025-02-18-18h45m09s626.jpg,good,data_2
vlcsnap-2025-02-19-14h15m39s290.jpg,good,data_2
vlcsnap-2025-02-18-23h24m22s979.jpg,good,data_2
vlcsnap-00134.jpg,good,data_2
vlcsnap-2025-02-19-14h04m49s988.jpg,good,data_2
vlcsnap-2025-02-19-13h55m45s135.jpg,good,data_2
vlcsnap-2025-02-18-23h29m14s617.jpg,good,data_2
vlcsnap-00120.jpg,good,data_2
vlcsnap-00108.jpg,good,data_2
vlcsnap-2025-02-19-14h17m47s029.jpg,good,data_2
vlcsnap-2025-02-19-14h18m38s123.jpg,good,data_2
vlcsnap-2025-02-18-23h30m24s442.jpg,good,data_2
vlcsnap-2025-02-26-20h35m28s712.jpg,good,data_2
vlcsnap-2025-02-26-20h41m42s229.jpg,good,data_2
vlcsnap-2025-02-26-20h37m03s369.jpg,good,data_2
vlcsnap-2025-02-19-14h57m26s963.jpg,good,data_2
vlcsnap-2025-02-19-17h03m22s057.jpg,good,data_2
vlcsnap-2025-02-18-23h23m56s608.jpg,good,data_2
20250223_144906.jpg,good,data_2
vlcsnap-2025-02-26-20h41m09s906.jpg,good,data_2
vlcsnap-2025-02-26-20h40m55s588.jpg,good,data_2
vlcsnap-2025-02-19-14h22m57s513.jpg,good,data_2
vlcsnap-2025-02-18-23h24m29s314.jpg,good,data_2
vlcsnap-2025-02-26-20h36m58s355.jpg,good,data_2
vlcsnap-2025-02-19-14h06m48s938.jpg,good,data_2
vlcsnap-2025-02-18-18h31m05s922.jpg,good,data_2
20250223_143847.jpg,good,data_2
vlcsnap-2025-02-19-14h08m42s822.jpg,good,data_2
vlcsnap-2025-02-18-18h41m53s550.jpg,good,data_2
vlcsnap_2025-03-16-15h17m57s358.jpg,good,data_2
20250219_165049.jpg,good,data_2
vlcsnap-2025-02-18-18h33m09s423.jpg,good,data_2
vlcsnap-00083.jpg,good,data_2
vlcsnap-2025-02-18-17h11m34s646.jpg,good,data_2
vlcsnap-2025-02-19-14h21m49s364.jpg,good,data_2
vlcsnap-2025-02-18-23h10m46s503.jpg,good,data_2
vlcsnap-00097.jpg,good,data_2
vlcsnap-2025-02-19-14h05m11s136.jpg,good,data_2
vlcsnap-2025-02-18-17h03m26s001.jpg,good,data_2
vlcsnap-2025-02-19-14h57m01s838.jpg,good,data_2
vlcsnap-00040.jpg,good,data_2
vlcsnap-2025-02-18-18h43m41s557.jpg,good,data_2
vlcsnap-2025-02-18-23h14m36s043.jpg,good,data_2
vlcsnap-2025-02-19-14h43m43s461.jpg,good,data_2
vlcsnap-2025-02-19-14h52m00s031.jpg,good,data_2
vlcsnap-00054.jpg,good,data_2
vlcsnap-2025-02-18-18h46m38s911.jpg,good,data_2
vlcsnap-2025-02-18-18h47m11s736.jpg,good,data_2
vlcsnap-2025-02-19-17h01m36s808.jpg,good,data_2
vlcsnap-00068.jpg,good,data_2
vlcsnap-2025-02-18-17h05m21s401.jpg,good,data_2
vlcsnap-00033.jpg,good,data_2
vlcsnap-2025-02-19-14h25m46s099.jpg,good,data_2
vlcsnap_2025-03-16-15h21m07s952.jpg,good,data_2
vlcsnap-00027.jpg,good,data_2
vlcsnap-2025-02-26-20h39m54s349.jpg,good,data_2
vlcsnap-2025-02-18-23h24m37s734.jpg,good,data_2
vlcsnap-2025-02-26-20h41m21s505.jpg,good,data_2
vlcsnap_2025-03-16-15h21m15s314.jpg,good,data_2
vlcsnap-2025-02-18-18h37m04s156.jpg,good,data_2
vlcsnap-2025-02-19-15h05m32s965.jpg,good,data_2
vlcsnap-2025-02-18-18h36m08s054.jpg,good,data_2
vlcsnap-2025-02-19-14h17m00s831.jpg,good,data_2
vlcsnap-2025-02-19-15h05m45s997.jpg,good,data_2
vlcsnap-2025-02-19-14h29m46s948.jpg,good,data_2
vlcsnap-2025-02-26-20h31m37s772.jpg,good,data_2
20250223_143834.jpg,good,data_2
vlcsnap-2025-02-19-14h14m54s746.jpg,good,data_2
vlcsnap-2025-02-19-13h56m10s417.jpg,good,data_2
vlcsnap-2025-02-26-20h34m36s821.jpg,good,data_2
vlcsnap-2025-02-19-14h15m01s088.jpg,good,data_2
20250223_144154.jpg,good,data_2
vlcsnap-2025-02-18-23h25m16s322.jpg,good,data_2
vlcsnap-2025-02-26-20h37m01s800.jpg,good,data_2
vlcsnap-2025-02-26-20h41m48s826.jpg,good,data_2
20250223_143954.jpg,good,data_2
vlcsnap_2025-03-16-15h15m56s199.jpg,good,data_2
vlcsnap-2025-02-19-14h23m00s963.jpg,good,data_2
vlcsnap-2025-02-26-20h34m58s350.jpg,good,data_2
vlcsnap-2025-02-19-13h53m06s133.jpg,good,data_2
vlcsnap-2025-02-19-14h21m48s272.jpg,good,data_2
vlcsnap-2025-02-18-18h41m49s636.jpg,good,data_2
20250219_165827.jpg,good,data_2
vlcsnap-2025-02-26-20h31m13s271.jpg,good,data_2
vlcsnap-2025-02-19-13h53m26s148.jpg,good,data_2
vlcsnap-2025-02-26-20h34m16s084.jpg,good,data_2
vlcsnap-2025-02-19-15h11m03s288.jpg,good,data_2
vlcsnap_2025-03-16-15h23m11s550.jpg,good,data_2
vlcsnap-2025-02-18-17h01m38s325.jpg,good,data_2
vlcsnap-00147.jpg,good,data_2
vlcsnap-2025-02-18-18h33m34s959.jpg,good,data_2
vlcsnap-00153.jpg,good,data_2
vlcsnap-2025-02-26-20h37m22s370.jpg,good,data_2
vlcsnap-2025-02-26-20h36m04s054.jpg,good,data_2
vlcsnap-00184.jpg,good,data_2
vlcsnap-00190.jpg,good,data_2
vlcsnap-2025-02-26-20h35m08s732.jpg,good,data_2
vlcsnap-2025-02-19-17h03m29s526.jpg,good,data_2
vlcsnap-2025-02-26-20h41m05s748.jpg,good,data_2
vlcsnap-2025-02-18-17h11m27s866.jpg,good,data_2
vlcsnap_2025-03-16-15h29m04s511.jpg,good,data_2
vlcsnap-2025-02-18-17h05m25s811.jpg,good,data_2
vlcsnap-2025-02-18-23h13m48s064.jpg,good,data_2
vlcsnap-00191.jpg,good,data_2
20250219_164912.jpg,good,data_2
vlcsnap-2025-02-18-17h04m11s173.jpg,good,data_2
vlcsnap-00185.jpg,good,data_2
vlcsnap-2025-02-19-17h01m20s988.jpg,good,data_2
vlcsnap-2025-02-26-20h37m07s298.jpg,good,data_2
vlcsnap-2025-02-18-18h30m17s408.jpg,good,data_2
vlcsnap-2025-02-18-18h30m33s080.jpg,good,data_2
vlcsnap-2025-02-19-17h04m53s778.jpg,good,data_2
vlcsnap_2025-03-16-15h18m40s531.jpg,good,data_2
vlcsnap-2025-02-19-14h15m59s720.jpg,good,data_2
vlcsnap-00152.jpg,good,data_2
vlcsnap-2025-02-19-13h53m04s962.jpg,good,data_2
vlcsnap-2025-02-19-17h09m47s565.jpg,good,data_2
20250219_165403.jpg,good,data_2
vlcsnap-2025-02-19-15h11m23s972.jpg,good,data_2
vlcsnap-2025-02-19-14h13m25s152.jpg,good,data_2
vlcsnap-00146.jpg,good,data_2
20250219_165832.jpg,good,data_2
vlcsnap-2025-02-19-14h19m08s998.jpg,good,data_2
vlcsnap-2025-02-19-14h01m30s033.jpg,good,data_2
vlcsnap_2025-03-16-15h15m41s480.jpg,good,data_2
vlcsnap-2025-02-18-23h29m34s346.jpg,good,data_2
vlcsnap-2025-02-18-18h35m44s671.jpg,good,data_2
vlcsnap-2025-02-19-13h55m08s634.jpg,good,data_2
vlcsnap-2025-02-18-23h30m21s944.jpg,good,data_2
vlcsnap-2025-02-26-20h36m03s983.jpg,good,data_2
vlcsnap-2025-02-18-18h32m07s734.jpg,good,data_2
vlcsnap-2025-02-19-14h48m56s199.jpg,good,data_2
vlcsnap-2025-02-19-15h13m36s510.jpg,good,data_2
vlcsnap-2025-02-18-18h43m31s352.jpg,good,data_2
vlcsnap_2025-03-16-15h24m17s765.jpg,good,data_2
vlcsnap-2025-02-19-15h13m32s646.jpg,good,data_2
vlcsnap-2025-02-18-23h15m57s983.jpg,good,data_2
20250219_170556.jpg,good,data_2
20250223_144948.jpg,good,data_2
vlcsnap-2025-02-19-15h05m14s423.jpg,good,data_2
vlcsnap-2025-02-26-20h36m36s088.jpg,good,data_2
vlcsnap-2025-02-18-18h36m55s083.jpg,good,data_2
vlcsnap_2025-03-16-15h31m38s257.jpg,good,data_2
vlcsnap-2025-02-26-20h38m39s955.jpg,good,data_2
vlcsnap-2025-02-18-18h48m16s956.jpg,good,data_2
vlcsnap-2025-02-18-23h29m13s023.jpg,good,data_2
vlcsnap-2025-02-18-23h15m32s531.jpg,good,data_2
vlcsnap-2025-02-18-23h08m05s215.jpg,good,data_2
vlcsnap-2025-02-19-14h49m26s635.jpg,good,data_2
vlcsnap_2025-03-16-15h15m20s219.jpg,good,data_2
vlcsnap-2025-02-19-14h13m44s278.jpg,good,data_2
vlcsnap-2025-02-18-18h42m31s666.jpg,good,data_2
20250223_144828.jpg,good,data_2
vlcsnap-2025-02-19-14h28m56s662.jpg,good,data_2
vlcsnap-2025-02-18-18h36m10s641.jpg,good,data_2
vlcsnap-2025-02-19-15h05m13s265.jpg,good,data_2
vlcsnap_2025-03-16-15h26m30s066.jpg,good,data_2
vlcsnap-2025-02-18-23h27m33s135.jpg,good,data_2
vlcsnap_2025-03-16-15h19m04s832.jpg,good,data_2
vlcsnap-2025-02-18-18h36m45s242.jpg,good,data_2
vlcsnap-00026.jpg,good,data_2
vlcsnap-2025-02-18-18h32m30s860.jpg,good,data_2
vlcsnap-2025-02-18-23h30m28s990.jpg,good,data_2
vlcsnap-00032.jpg,good,data_2
vlcsnap-2025-02-18-17h10m38s913.jpg,good,data_2
vlcsnap-2025-02-18-18h30m26s925.jpg,good,data_2
vlcsnap-2025-02-26-20h37m43s267.jpg,good,data_2
vlcsnap-00024.jpg,good,data_2
vlcsnap-00030.jpg,good,data_2
vlcsnap-2025-02-19-17h04m10s260.jpg,good,data_2
vlcsnap_2025-03-16-15h17m18s760.jpg,good,data_2
vlcsnap-2025-02-26-20h36m41s285.jpg,good,data_2
vlcsnap-00018.jpg,good,data_2
vlcsnap-2025-02-26-20h34m02s702.jpg,good,data_2
vlcsnap-2025-02-19-17h01m38s740.jpg,good,data_2
vlcsnap-2025-02-19-14h24m10s654.jpg,good,data_2
vlcsnap-2025-02-18-23h18m48s132.jpg,good,data_2
vlcsnap-2025-02-18-18h47m28s460.jpg,good,data_2
vlcsnap-2025-02-19-17h06m04s020.jpg,good,data_2
vlcsnap-2025-02-26-20h32m21s935.jpg,good,data_2
vlcsnap-2025-02-19-14h59m21s547.jpg,good,data_2
vlcsnap-2025-02-18-18h32m48s578.jpg,good,data_2
vlcsnap-2025-02-19-15h10m45s082.jpg,good,data_2
vlcsnap-2025-02-19-14h19m29s310.jpg,good,data_2
vlcsnap-2025-02-18-23h14m11s752.jpg,good,data_2
vlcsnap-2025-02-19-15h03m28s846.jpg,good,data_2
20250219_170346.jpg,good,data_2
vlcsnap-2025-02-18-18h32m27s822.jpg,good,data_2
vlcsnap-2025-02-19-17h05m14s947.jpg,good,data_2
vlcsnap-2025-02-19-14h49m13s735.jpg,good,data_2
vlcsnap_2025-03-16-15h31m12s715.jpg,good,data_2
vlcsnap-2025-02-18-18h42m14s982.jpg,good,data_2
vlcsnap-2025-02-18-23h14m28s474.jpg,good,data_2
vlcsnap-2025-02-18-17h02m51s819.jpg,good,data_2
vlcsnap-2025-02-18-23h15m35s771.jpg,good,data_2
vlcsnap-2025-02-19-14h28m24s310.jpg,good,data_2
20250223_143943.jpg,good,data_2
vlcsnap-2025-02-19-15h10m24s357.jpg,good,data_2
vlcsnap-2025-02-26-20h31m00s428.jpg,good,data_2
vlcsnap-2025-02-18-17h06m08s662.jpg,good,data_2
vlcsnap-2025-02-26-20h40m24s413.jpg,good,data_2
vlcsnap-2025-02-19-14h41m29s105.jpg,good,data_2
vlcsnap-2025-02-19-15h11m29s734.jpg,good,data_2
vlcsnap-2025-02-18-17h01m19s628.jpg,good,data_2
vlcsnap-2025-02-18-23h08m09s147.jpg,good,data_2
vlcsnap-2025-02-26-20h34m49s154.jpg,good,data_2
vlcsnap-2025-02-19-15h12m18s750.jpg,good,data_2
vlcsnap-2025-02-19-15h10m17s204.jpg,good,data_2
vlcsnap-2025-02-18-18h47m18s976.jpg,good,data_2
vlcsnap_2025-03-16-15h25m52s056.jpg,good,data_2
vlcsnap-2025-02-26-20h36m09s289.jpg,good,data_2
vlcsnap-2025-02-19-15h08m28s047.jpg,good,data_2
vlcsnap-2025-02-19-16h24m09s476.jpg,good,data_2
vlcsnap_2025-03-16-15h19m36s147.jpg,good,data_2
vlcsnap-2025-02-18-23h24m01s127.jpg,good,data_2
vlcsnap-2025-02-19-17h04m47s362.jpg,good,data_2
vlcsnap-00150.jpg,good,data_2
vlcsnap-00144.jpg,good,data_2
vlcsnap-2025-02-19-14h22m02s558.jpg,good,data_2
vlcsnap-2025-02-19-14h18m48s452.jpg,good,data_2
vlcsnap-2025-02-19-14h22m40s331.jpg,good,data_2
vlcsnap-2025-02-18-17h11m12s783.jpg,good,data_2
vlcsnap-2025-02-19-14h18m45s459.jpg,good,data_2
vlcsnap-2025-02-26-20h33m33s874.jpg,good,data_2
vlcsnap-00178.jpg,good,data_2
vlcsnap-2025-02-18-23h24m45s051.jpg,good,data_2
vlcsnap-00193.jpg,good,data_2
vlcsnap-00187.jpg,good,data_2
vlcsnap-2025-02-18-17h06m07s036.jpg,good,data_2
vlcsnap-2025-02-26-20h38m08s108.jpg,good,data_2
vlcsnap-2025-02-18-17h01m30s056.jpg,good,data_2
vlcsnap_2025-03-16-15h27m39s157.jpg,good,data_2
vlcsnap-2025-02-19-16h24m14s656.jpg,good,data_2
vlcsnap-2025-02-26-20h41m16s845.jpg,good,data_2
vlcsnap-2025-02-18-18h30m49s913.jpg,good,data_2
vlcsnap-2025-02-18-18h46m30s755.jpg,good,data_2
vlcsnap-2025-02-19-15h10m05s314.jpg,good,data_2
vlcsnap-00186.jpg,good,data_2
20250219_164905.jpg,good,data_2
vlcsnap-2025-02-18-17h06m14s692.jpg,good,data_2
vlcsnap-2025-02-19-16h21m57s822.jpg,good,data_2
20250223_144234.jpg,good,data_2
vlcsnap_2025-03-16-15h25m06s492.jpg,good,data_2
vlcsnap-00192.jpg,good,data_2
vlcsnap-00179.jpg,good,data_2
vlcsnap-2025-02-19-14h04m30s627.jpg,good,data_2
vlcsnap-2025-02-19-14h21m50s699.jpg,good,data_2
vlcsnap-2025-02-18-18h33m05s266.jpg,good,data_2
vlcsnap-2025-02-19-14h28m09s822.jpg,good,data_2
vlcsnap-00145.jpg,good,data_2
vlcsnap-2025-02-18-18h36m42s188.jpg,good,data_2
vlcsnap-2025-02-19-14h24m23s841.jpg,good,data_2
vlcsnap-2025-02-19-15h08m04s999.jpg,good,data_2
vlcsnap-00151.jpg,good,data_2
vlcsnap-2025-02-19-13h52m57s218.jpg,good,data_2
20250216_164541.jpg,good,data_2
vlcsnap-2025-02-19-14h24m53s165.jpg,good,data_2
vlcsnap-2025-02-26-20h40m33s122.jpg,good,data_2
vlcsnap-2025-02-19-14h19m37s434.jpg,good,data_2
vlcsnap-2025-02-18-18h35m54s666.jpg,good,data_2
vlcsnap_2025-03-16-15h28m26s987.jpg,good,data_2
vlcsnap-2025-02-19-14h12m00s177.jpg,good,data_2
vlcsnap-2025-02-18-18h30m32s079.jpg,good,data_2
vlcsnap-2025-02-26-20h40m48s337.jpg,good,data_2
vlcsnap-2025-02-19-16h21m43s745.jpg,good,data_2
vlcsnap-2025-02-19-14h49m35s695.jpg,good,data_2
vlcsnap-2025-02-18-18h46m19s659.jpg,good,data_2
20250219_170541.jpg,good,data_2
vlcsnap-2025-02-26-20h36m14s240.jpg,good,data_2
vlcsnap-2025-02-19-16h21m36s467.jpg,good,data_2
vlcsnap_2025-03-16-15h22m16s436.jpg,good,data_2
vlcsnap_2025-03-16-15h22m52s597.jpg,good,data_2
vlcsnap-2025-02-26-20h41m00s579.jpg,good,data_2
vlcsnap-2025-02-19-13h59m42s553.jpg,good,data_2
vlcsnap-2025-02-18-23h07m43s774.jpg,good,data_2
vlcsnap-2025-02-18-23h25m44s561.jpg,good,data_2
vlcsnap-2025-02-26-20h38m48s936.jpg,good,data_2
vlcsnap-2025-02-19-14h30m17s564.jpg,good,data_2
vlcsnap-2025-02-18-18h47m25s867.jpg,good,data_2
vlcsnap-2025-02-19-17h09m37s477.jpg,good,data_2
vlcsnap_2025-03-16-15h15m53s196.jpg,good,data_2
vlcsnap-2025-02-18-18h45m17s416.jpg,good,data_2
vlcsnap-2025-02-26-20h31m43s133.jpg,good,data_2
vlcsnap_2025-03-16-15h25m38s657.jpg,good,data_2
20250219_165038.jpg,good,data_2
vlcsnap-2025-02-19-17h09m46s359.jpg,good,data_2
vlcsnap_2025-03-16-15h27m05s043.jpg,good,data_2
vlcsnap-2025-02-18-18h36m40s884.jpg,good,data_2
vlcsnap-2025-02-19-14h10m47s605.jpg,good,data_2
20250219_170838.jpg,good,data_2
vlcsnap-2025-02-18-18h46m37s488.jpg,good,data_2
vlcsnap-2025-02-18-23h24m49s466.jpg,good,data_2
vlcsnap-2025-02-19-14h29m06s968.jpg,good,data_2
vlcsnap-2025-02-26-20h39m28s485.jpg,good,data_2
vlcsnap-2025-02-19-14h13m31s429.jpg,good,data_2
vlcsnap-2025-02-18-18h47m09s147.jpg,good,data_2
vlcsnap-2025-02-19-14h11m08s143.jpg,good,data_2
vlcsnap-00019.jpg,good,data_2
vlcsnap-2025-02-19-17h05m46s478.jpg,good,data_2
vlcsnap-00031.jpg,good,data_2
vlcsnap-2025-02-26-20h35m06s001.jpg,good,data_2
vlcsnap-2025-02-19-17h05m37s430.jpg,good,data_2
vlcsnap-2025-02-18-23h27m50s279.jpg,good,data_2
vlcsnap-2025-02-26-20h35m26s907.jpg,good,data_2
vlcsnap-00025.jpg,good,data_2
vlcsnap-00009.jpg,good,data_2
vlcsnap-2025-02-18-18h36m33s926.jpg,good,data_2
vlcsnap-00021.jpg,good,data_2
vlcsnap-2025-02-19-14h15m43s397.jpg,good,data_2
vlcsnap-2025-02-19-15h11m41s746.jpg,good,data_2
vlcsnap_2025-03-16-15h24m07s428.jpg,good,data_2
vlcsnap-00035.jpg,good,data_2
vlcsnap-2025-02-26-20h32m24s691.jpg,good,data_2
20250219_170828.jpg,good,data_2
vlcsnap-2025-02-26-20h37m27s384.jpg,good,data_2
vlcsnap-2025-02-18-17h10m32s587.jpg,good,data_2
vlcsnap-2025-02-18-18h42m21s488.jpg,good,data_2
vlcsnap-2025-02-26-20h41m26s769.jpg,good,data_2
vlcsnap-2025-02-19-14h26m59s160.jpg,good,data_2
vlcsnap-2025-02-19-14h04m33s119.jpg,good,data_2
vlcsnap-2025-02-18-17h03m38s802.jpg,good,data_2
vlcsnap-2025-02-26-20h38m11s330.jpg,good,data_2
vlcsnap-2025-02-18-18h46m40s324.jpg,good,data_2
vlcsnap-2025-02-19-14h18m04s533.jpg,good,data_2
vlcsnap-2025-02-18-23h18m27s262.jpg,good,data_2
vlcsnap-2025-02-26-20h32m38s884.jpg,good,data_2
20250223_143826.jpg,good,data_2
vlcsnap-2025-02-18-23h28m21s081.jpg,good,data_2
vlcsnap-2025-02-19-14h42m50s430.jpg,good,data_2
vlcsnap-2025-02-26-20h39m26s993.jpg,good,data_2
vlcsnap-2025-02-19-14h57m37s456.jpg,good,data_2
vlcsnap-2025-02-18-23h16m40s869.jpg,good,data_2
vlcsnap-2025-02-19-15h07m41s910.jpg,good,data_2
vlcsnap-2025-02-19-14h22m32s888.jpg,good,data_2
vlcsnap_2025-03-16-15h19m02s496.jpg,good,data_2
20250219_170545.jpg,good,data_2
vlcsnap-2025-02-18-23h14m04s766.jpg,good,data_2
vlcsnap_2025-03-16-15h22m56s835.jpg,good,data_2
vlcsnap-2025-02-18-18h33m35s972.jpg,good,data_2
vlcsnap-2025-02-19-14h52m15s511.jpg,good,data_2
vlcsnap_2025-03-16-15h16m01s326.jpg,good,data_2
vlcsnap-2025-02-19-14h59m39s791.jpg,good,data_2
vlcsnap-2025-02-26-20h32m55s236.jpg,good,data_2
vlcsnap-2025-02-18-18h47m35s081.jpg,good,data_2
vlcsnap-2025-02-19-16h21m41s446.jpg,good,data_2
vlcsnap-2025-02-19-15h11m15s208.jpg,good,data_2
vlcsnap-2025-02-19-14h53m02s307.jpg,good,data_2
vlcsnap-2025-02-19-15h11m17s872.jpg,good,data_2
vlcsnap-2025-02-19-17h05m48s629.jpg,good,data_2
vlcsnap-2025-02-19-14h21m16s605.jpg,good,data_2
vlcsnap_2025-03-16-15h26m01s816.jpg,good,data_2
vlcsnap-2025-02-26-20h40m08s649.jpg,good,data_2
vlcsnap-2025-02-26-20h37m12s641.jpg,good,data_2
vlcsnap-2025-02-18-23h12m17s725.jpg,good,data_2
vlcsnap-2025-02-18-23h16m46s019.jpg,good,data_2
vlcsnap-2025-02-19-14h10m28s178.jpg,good,data_2
vlcsnap-2025-02-19-13h53m28s938.jpg,good,data_2
vlcsnap-2025-02-18-17h10m55s165.jpg,good,data_2
vlcsnap-00169.jpg,good,data_2
vlcsnap-2025-02-18-23h28m35s937.jpg,good,data_2
vlcsnap-00155.jpg,good,data_2
vlcsnap-2025-02-18-23h08m18s609.jpg,good,data_2
vlcsnap-00141.jpg,good,data_2
vlcsnap-2025-02-26-20h34m42s321.jpg,good,data_2
vlcsnap-2025-02-18-17h02m18s342.jpg,good,data_2
vlcsnap-00196.jpg,good,data_2
vlcsnap-2025-02-19-13h56m03s897.jpg,good,data_2
vlcsnap-2025-02-18-23h23m55s225.jpg,good,data_2
vlcsnap-2025-02-19-15h11m16s693.jpg,good,data_2
vlcsnap-2025-02-18-18h36m36s724.jpg,good,data_2
vlcsnap-2025-02-18-18h41m45s164.jpg,good,data_2
vlcsnap-00182.jpg,good,data_2
vlcsnap-2025-02-26-20h35m42s760.jpg,good,data_2
vlcsnap-00183.jpg,good,data_2
vlcsnap-2025-02-18-18h46m34s348.jpg,good,data_2
vlcsnap-00197.jpg,good,data_2
vlcsnap-2025-02-18-18h33m03s568.jpg,good,data_2
vlcsnap-2025-02-26-20h37m20s064.jpg,good,data_2
vlcsnap-00140.jpg,good,data_2
vlcsnap-2025-02-19-13h59m35s605.jpg,good,data_2
vlcsnap-00154.jpg,good,data_2
vlcsnap-2025-02-19-14h48m51s875.jpg,good,data_2
vlcsnap-2025-02-19-14h14m20s512.jpg,good,data_2
20250219_165411.jpg,good,data_2
vlcsnap-2025-02-18-18h33m19s047.jpg,good,data_2
vlcsnap-2025-02-19-14h19m12s057.jpg,good,data_2
vlcsnap-00168.jpg,good,data_2
vlcsnap_2025-03-16-15h21m10s336.jpg,good,data_2
vlcsnap-2025-02-19-14h17m56s528.jpg,good,data_2
vlcsnap-2025-02-19-14h19m20s868.jpg,good,data_2
vlcsnap-2025-02-19-14h53m50s235.jpg,good,data_2
vlcsnap-2025-02-26-20h33m10s512.jpg,good,data_2
vlcsnap-2025-02-18-23h08m22s176.jpg,good,data_2
vlcsnap-2025-02-19-14h20m10s229.jpg,good,data_2
vlcsnap-2025-02-19-14h29m50s117.jpg,good,data_2
vlcsnap-2025-02-19-14h12m12s513.jpg,good,data_2
vlcsnap-2025-02-18-23h15m30s977.jpg,good,data_2
vlcsnap-2025-02-19-14h00m45s970.jpg,good,data_2
vlcsnap-2025-02-18-18h33m08s042.jpg,good,data_2
vlcsnap-2025-02-18-18h46m56s758.jpg,good,data_2
vlcsnap-2025-02-19-17h00m20s882.jpg,good,data_2
vlcsnap-2025-02-18-18h31m39s328.jpg,good,data_2
vlcsnap-2025-02-19-14h10m35s990.jpg,good,data_2
vlcsnap-2025-02-19-17h04m58s334.jpg,good,data_2
vlcsnap-2025-02-18-23h15m44s701.jpg,good,data_2
vlcsnap-2025-02-19-14h43m56s785.jpg,good,data_2
vlcsnap-2025-02-26-20h38m46s623.jpg,good,data_2
vlcsnap-2025-02-19-15h03m06s067.jpg,good,data_2
vlcsnap-2025-02-19-17h05m21s882.jpg,good,data_2
vlcsnap_2025-03-16-15h14m41s830.jpg,good,data_2
vlcsnap-2025-02-19-15h13m43s967.jpg,good,data_2
vlcsnap-2025-02-18-18h42m19s999.jpg,good,data_2
20250219_165015.jpg,good,data_2
vlcsnap-2025-02-26-20h36m18s101.jpg,good,data_2
vlcsnap-2025-02-26-20h32m51s983.jpg,good,data_2
vlcsnap-2025-02-19-14h12m15s355.jpg,good,data_2
vlcsnap-2025-02-19-17h08m39s461.jpg,good,data_2
vlcsnap-2025-02-18-23h29m10s496.jpg,good,data_2
vlcsnap-2025-02-18-18h32m03s074.jpg,good,data_2
20250219_164848.jpg,good,data_2
vlcsnap-2025-02-19-13h54m22s478.jpg,good,data_2
vlcsnap-2025-02-18-17h03m05s668.jpg,good,data_2
vlcsnap-2025-02-18-17h03m22s323.jpg,good,data_2
vlcsnap-2025-02-19-17h08m58s373.jpg,good,data_2
vlcsnap-00034.jpg,good,data_2
vlcsnap-00020.jpg,good,data_2
vlcsnap-2025-02-19-14h29m41s728.jpg,good,data_2
vlcsnap-00008.jpg,good,data_2
vlcsnap-2025-02-26-20h33m12s561.jpg,good,data_2
vlcsnap-2025-02-19-17h04m55s842.jpg,good,data_2
vlcsnap-2025-02-19-14h20m03s908.jpg,good,data_2
vlcsnap-2025-02-26-20h35m40s539.jpg,good,data_2
vlcsnap-2025-02-18-18h46m26s105.jpg,good,data_2
vlcsnap-2025-02-19-17h05m39s299.jpg,good,data_2
vlcsnap-00036.jpg,good,data_2
vlcsnap-2025-02-18-23h16m47s802.jpg,good,data_2
vlcsnap-2025-02-26-20h35m17s573.jpg,good,data_2
vlcsnap-2025-02-19-17h04m41s282.jpg,good,data_2
vlcsnap-00022.jpg,good,data_2
vlcsnap_2025-03-16-15h15m28s804.jpg,good,data_2
vlcsnap-2025-02-19-14h07m17s013.jpg,good,data_2
vlcsnap-2025-02-19-16h21m55s303.jpg,good,data_2
vlcsnap-2025-02-19-14h44m02s669.jpg,good,data_2
vlcsnap-2025-02-18-23h13m44s442.jpg,good,data_2
vlcsnap-2025-02-19-17h03m49s630.jpg,good,data_2
vlcsnap-2025-02-19-14h08m52s868.jpg,good,data_2
vlcsnap-00208.jpg,good,data_2
vlcsnap-2025-02-19-14h13m48s070.jpg,good,data_2
vlcsnap-2025-02-19-14h31m39s906.jpg,good,data_2
vlcsnap-2025-02-19-14h22m49s334.jpg,good,data_2
vlcsnap-2025-02-18-18h32m29s091.jpg,good,data_2
vlcsnap-2025-02-19-14h00m36s546.jpg,good,data_2
vlcsnap-2025-02-18-17h02m25s053.jpg,good,data_2
vlcsnap-2025-02-19-14h19m19s423.jpg,good,data_2
vlcsnap_2025-03-16-15h22m01s049.jpg,good,data_2
vlcsnap-2025-02-18-23h16m05s272.jpg,good,data_2
vlcsnap-2025-02-19-14h02m18s520.jpg,good,data_2
vlcsnap-2025-02-19-14h10m31s420.jpg,good,data_2
vlcsnap_2025-03-16-15h23m19s209.jpg,good,data_2
20250223_144145.jpg,good,data_2
vlcsnap-2025-02-19-14h43m45s644.jpg,good,data_2
vlcsnap-2025-02-19-14h10m49s735.jpg,good,data_2
vlcsnap-2025-02-26-20h34m28s085.jpg,good,data_2
vlcsnap-2025-02-18-18h30m22s081.jpg,good,data_2
vlcsnap_2025-03-16-15h25m29s245.jpg,good,data_2
vlcsnap-2025-02-19-14h51m49s732.jpg,good,data_2
vlcsnap-2025-02-19-16h22m27s494.jpg,good,data_2
vlcsnap-2025-02-26-20h34m12s466.jpg,good,data_2
vlcsnap-2025-02-19-13h52m29s173.jpg,good,data_2
vlcsnap_2025-03-16-15h22m31s634.jpg,good,data_2
vlcsnap-2025-02-19-13h52m59s472.jpg,good,data_2
vlcsnap-2025-02-19-15h10m21s566.jpg,good,data_2
vlcsnap-2025-02-26-20h31m32s020.jpg,good,data_2
vlcsnap-2025-02-19-17h02m57s019.jpg,good,data_2
20250223_144019.jpg,good,data_2
vlcsnap-2025-02-19-14h17m39s643.jpg,good,data_2
vlcsnap-2025-02-19-17h09m54s893.jpg,good,data_2
20250223_144025.jpg,good,data_2
vlcsnap-2025-02-18-18h30m47s360.jpg,good,data_2
vlcsnap_2025-03-16-15h24m30s982.jpg,good,data_2
vlcsnap-2025-02-19-16h58m52s899.jpg,good,data_2
vlcsnap-2025-02-19-13h55m15s388.jpg,good,data_2
vlcsnap-00142.jpg,good,data_2
vlcsnap-2025-02-26-20h35m13s989.jpg,good,data_2
vlcsnap-2025-02-19-17h09m31s964.jpg,good,data_2
vlcsnap-2025-02-26-20h36m12s955.jpg,good,data_2
vlcsnap-2025-02-26-20h40m31s746.jpg,good,data_2
vlcsnap-2025-02-18-17h10m28s875.jpg,good,data_2
vlcsnap-2025-02-18-18h46m36s059.jpg,good,data_2
vlcsnap-00156.jpg,good,data_2
vlcsnap_2025-03-16-15h26m50s403.jpg,good,data_2
vlcsnap-2025-02-19-14h28m55s809.jpg,good,data_2
vlcsnap-00181.jpg,good,data_2
vlcsnap-2025-02-19-17h08m28s062.jpg,good,data_2
vlcsnap-2025-02-19-14h21m07s603.jpg,good,data_2
vlcsnap-00195.jpg,good,data_2
vlcsnap_2025-03-16-15h25m48s797.jpg,good,data_2
vlcsnap-2025-02-19-17h05m08s806.jpg,good,data_2
vlcsnap-2025-02-19-14h23m18s342.jpg,good,data_2
vlcsnap-00194.jpg,good,data_2
vlcsnap-00180.jpg,good,data_2
vlcsnap-2025-02-19-14h16m57s393.jpg,good,data_2
vlcsnap-2025-02-18-18h47m00s383.jpg,good,data_2
vlcsnap-2025-02-19-14h52m05s088.jpg,good,data_2
vlcsnap-2025-02-19-14h28m50s795.jpg,good,data_2
vlcsnap-2025-02-19-14h40m31s815.jpg,good,data_2
vlcsnap-2025-02-18-18h35m46s956.jpg,good,data_2
vlcsnap-2025-02-18-23h13m50s113.jpg,good,data_2
vlcsnap-2025-02-26-20h39m02s048.jpg,good,data_2
vlcsnap-2025-02-19-14h28m25s460.jpg,good,data_2
vlcsnap-00157.jpg,good,data_2
vlcsnap_2025-03-16-15h27m52s423.jpg,good,data_2
vlcsnap-00143.jpg,good,data_2
vlcsnap-2025-02-18-18h30m44s711.jpg,good,data_2
vlcsnap-2025-02-18-23h25m00s029.jpg,good,data_2
vlcsnap-2025-02-18-17h06m22s641.jpg,good,data_2
vlcsnap_2025-03-16-15h18m44s104.jpg,good,data_2
vlcsnap-2025-02-18-18h30m42s967.jpg,good,data_2
vlcsnap-2025-02-19-17h03m45s777.jpg,good,data_2
vlcsnap-2025-02-18-18h47m42s930.jpg,good,data_2
vlcsnap-2025-02-19-13h55m59s825.jpg,good,data_2
vlcsnap-2025-02-19-15h05m39s456.jpg,good,data_2
vlcsnap-2025-02-26-20h40m11s502.jpg,good,data_2
vlcsnap-2025-02-18-23h08m26s545.jpg,good,data_2
vlcsnap-2025-02-19-14h06m46s071.jpg,good,data_2
vlcsnap-2025-02-26-20h42m08s749.jpg,good,data_2
vlcsnap-2025-02-18-23h12m34s847.jpg,good,data_2
vlcsnap-2025-02-18-23h12m00s565.jpg,good,data_2
vlcsnap-2025-02-18-17h03m01s844.jpg,good,data_2
vlcsnap-2025-02-26-20h33m43s194.jpg,good,data_2
vlcsnap-2025-02-19-14h21m35s797.jpg,good,data_2
vlcsnap-2025-02-19-14h42m43s320.jpg,good,data_2
vlcsnap-2025-02-18-17h05m45s656.jpg,good,data_2
vlcsnap-2025-02-19-14h49m07s302.jpg,good,data_2
vlcsnap-2025-02-19-14h02m24s781.jpg,good,data_2
vlcsnap-2025-02-19-14h12m14s435.jpg,good,data_2
vlcsnap_2025-03-16-15h19m19s343.jpg,good,data_2
vlcsnap-2025-02-18-17h05m27s118.jpg,good,data_2
vlcsnap-2025-02-18-18h47m02s443.jpg,good,data_2
vlcsnap-2025-02-19-13h53m18s160.jpg,good,data_2
vlcsnap-2025-02-26-20h38m34s783.jpg,good,data_2
vlcsnap-2025-02-19-14h14m19s541.jpg,good,data_2
vlcsnap-2025-02-18-23h28m48s152.jpg,good,data_2
vlcsnap-2025-02-18-23h16m18s522.jpg,good,data_2
vlcsnap-2025-02-18-23h12m32s786.jpg,good,data_2
vlcsnap-2025-02-26-20h38m06s372.jpg,good,data_2
vlcsnap-2025-02-18-18h48m21s217.jpg,good,data_2
vlcsnap-2025-02-18-23h13m23s116.jpg,good,data_2
vlcsnap-2025-02-19-14h44m32s377.jpg,good,data_2
vlcsnap-2025-02-19-14h57m05s927.jpg,good,data_2
vlcsnap-2025-02-18-18h33m33s896.jpg,good,data_2
20250219_170341.jpg,good,data_2
vlcsnap-2025-02-19-14h13m40s117.jpg,good,data_2
vlcsnap-00209.jpg,good,data_2
vlcsnap-2025-02-18-23h28m28s645.jpg,good,data_2
vlcsnap-2025-02-26-20h37m30s649.jpg,good,data_2
20250223_144352.jpg,good,data_2
vlcsnap-2025-02-19-15h05m31s134.jpg,good,data_2
vlcsnap-2025-02-18-18h35m50s697.jpg,good,data_2
vlcsnap-00023.jpg,good,data_2
vlcsnap-2025-02-19-14h44m04s177.jpg,good,data_2
vlcsnap-2025-02-18-18h35m52s235.jpg,good,data_2
vlcsnap-00037.jpg,good,data_2
vlcsnap-2025-02-19-13h59m36s869.jpg,good,data_2
vlcsnap-2025-02-26-20h35m23s844.jpg,good,data_2
vlcsnap-2025-02-18-17h05m34s226.jpg,good,data_2
20250219_170619.jpg,good,data_2
vlcsnap_2025-03-16-15h20m44s788.jpg,good,data_2
vlcsnap-2025-02-19-17h03m26s014.jpg,good,data_2
vlcsnap-2025-02-19-14h57m40s129.jpg,good,data_2
vlcsnap-2025-02-18-23h27m49s136.jpg,good,data_2
vlcsnap_2025-03-16-15h23m07s115.jpg,good,data_2
vlcsnap-2025-02-19-14h07m11s728.jpg,good,data_2
20250219_164649.jpg,good,data_2
vlcsnap-00012.jpg,good,data_2
vlcsnap-00006.jpg,good,data_2
20250219_165225.jpg,good,data_2
vlcsnap_2025-03-16-15h13m58s251.jpg,good,data_2
vlcsnap-2025-02-26-20h38m38s031.jpg,good,data_2
vlcsnap-2025-02-18-18h36m43s596.jpg,good,data_2
vlcsnap-2025-02-19-17h05m06s690.jpg,good,data_2
vlcsnap_2025-03-16-15h27m45s917.jpg,good,data_2
vlcsnap-2025-02-26-20h35m02s348.jpg,good,data_2
vlcsnap-2025-02-19-14h48m34s422.jpg,good,data_2
vlcsnap-2025-02-18-23h16m51s863.jpg,good,data_2
vlcsnap-2025-02-18-23h28m31s267.jpg,good,data_2
vlcsnap-2025-02-18-18h30m46s221.jpg,good,data_2
vlcsnap-2025-02-18-17h11m20s218.jpg,good,data_2
vlcsnap-2025-02-19-14h27m03s552.jpg,good,data_2
vlcsnap-2025-02-18-18h42m05s755.jpg,good,data_2
vlcsnap_2025-03-16-15h23m37s639.jpg,good,data_2
vlcsnap-2025-02-19-17h05m16s653.jpg,good,data_2
vlcsnap-2025-02-19-14h42m47s480.jpg,good,data_2
vlcsnap-00210.jpg,good,data_2
vlcsnap-2025-02-19-17h08m40s964.jpg,good,data_2
vlcsnap-2025-02-18-23h14m21s092.jpg,good,data_2
vlcsnap-2025-02-18-23h11m30s125.jpg,good,data_2
20250223_143815.jpg,good,data_2
vlcsnap-00204.jpg,good,data_2
vlcsnap-2025-02-19-15h04m52s434.jpg,good,data_2
vlcsnap-2025-02-18-18h47m32s390.jpg,good,data_2
vlcsnap-2025-02-26-20h33m48s935.jpg,good,data_2
vlcsnap-2025-02-19-15h13m40s100.jpg,good,data_2
vlcsnap-2025-02-18-17h10m48s997.jpg,good,data_2
vlcsnap-2025-02-26-20h39m57s724.jpg,good,data_2
vlcsnap-2025-02-18-18h47m17s251.jpg,good,data_2
vlcsnap-2025-02-18-18h43m53s428.jpg,good,data_2
vlcsnap-2025-02-26-20h38m01s129.jpg,good,data_2
vlcsnap-2025-02-18-17h05m38s437.jpg,good,data_2
vlcsnap-2025-02-19-14h52m08s273.jpg,good,data_2
vlcsnap-2025-02-19-14h49m37s566.jpg,good,data_2
vlcsnap-2025-02-26-20h33m18s491.jpg,good,data_2
vlcsnap-2025-02-19-14h16m00s854.jpg,good,data_2
vlcsnap-2025-02-19-14h51m56s432.jpg,good,data_2
vlcsnap-00166.jpg,good,data_2
vlcsnap-2025-02-19-14h24m33s862.jpg,good,data_2
20250219_165351.jpg,good,data_2
vlcsnap-00172.jpg,good,data_2
vlcsnap-2025-02-19-15h08m47s330.jpg,good,data_2
vlcsnap-2025-02-18-23h14m37s362.jpg,good,data_2
vlcsnap-2025-02-26-20h40m53s831.jpg,good,data_2
vlcsnap-2025-02-18-17h04m29s066.jpg,good,data_2
vlcsnap-2025-02-18-23h14m22s569.jpg,good,data_2
vlcsnap-2025-02-18-23h29m11s728.jpg,good,data_2
vlcsnap-2025-02-19-14h22m06s610.jpg,good,data_2
vlcsnap-2025-02-19-17h08m42s915.jpg,good,data_2
vlcsnap-2025-02-18-23h26m05s423.jpg,good,data_2
vlcsnap-2025-02-18-17h04m44s587.jpg,good,data_2
vlcsnap-2025-02-19-14h13m36s072.jpg,good,data_2
vlcsnap_2025-03-16-15h28m07s931.jpg,good,data_2
vlcsnap-00199.jpg,good,data_2
vlcsnap-2025-02-19-14h49m34s670.jpg,good,data_2
vlcsnap-2025-02-18-18h33m44s511.jpg,good,data_2
vlcsnap-00198.jpg,good,data_2
vlcsnap-2025-02-26-20h31m47s694.jpg,good,data_2
vlcsnap-2025-02-19-14h23m27s011.jpg,good,data_2
vlcsnap-2025-02-19-14h21m27s113.jpg,good,data_2
vlcsnap_2025-03-16-15h24m49s137.jpg,good,data_2
vlcsnap-2025-02-18-23h28m02s296.jpg,good,data_2
20250219_164714.jpg,good,data_2
vlcsnap-2025-02-19-13h55m14s182.jpg,good,data_2
vlcsnap-00173.jpg,good,data_2
vlcsnap-2025-02-18-17h04m19s949.jpg,good,data_2
20250219_165436.jpg,good,data_2
vlcsnap_2025-03-16-15h26m47s658.jpg,good,data_2
vlcsnap-2025-02-19-15h06m52s866.jpg,good,data_2
vlcsnap-00167.jpg,good,data_2
20250219_165344.jpg,good,data_2
vlcsnap-2025-02-19-15h11m45s542.jpg,good,data_2
vlcsnap-2025-02-19-15h07m40s674.jpg,good,data_2
vlcsnap-2025-02-19-15h13m45s118.jpg,good,data_2
vlcsnap-2025-02-18-17h03m00s440.jpg,good,data_2
vlcsnap-2025-02-18-17h06m01s508.jpg,good,data_2
vlcsnap-2025-02-18-18h35m41s926.jpg,good,data_2
vlcsnap-2025-02-18-18h35m53s406.jpg,good,data_2
vlcsnap-2025-02-26-20h33m46s963.jpg,good,data_2
vlcsnap-2025-02-19-14h19m35s705.jpg,good,data_2
vlcsnap-2025-02-26-20h37m56s705.jpg,good,data_2
vlcsnap-2025-02-19-14h15m04s648.jpg,good,data_2
vlcsnap-2025-02-19-14h44m05s195.jpg,good,data_2
vlcsnap-2025-02-18-18h32m09s795.jpg,good,data_2
vlcsnap-2025-02-19-14h19m33s813.jpg,good,data_2
20250223_144821.jpg,good,data_2
vlcsnap_2025-03-16-15h18m58s066.jpg,good,data_2
vlcsnap-00205.jpg,good,data_2
vlcsnap-2025-02-18-18h33m43s419.jpg,good,data_2
vlcsnap-00211.jpg,good,data_2
vlcsnap-2025-02-19-14h30m11s265.jpg,good,data_2
vlcsnap_2025-03-16-15h26m08s358.jpg,good,data_2
vlcsnap-2025-02-26-20h37m40s378.jpg,good,data_2
vlcsnap_2025-03-16-15h30m27s923.jpg,good,data_2
vlcsnap-2025-02-19-14h29m52s169.jpg,good,data_2
vlcsnap-2025-02-26-20h36m16s207.jpg,good,data_2
vlcsnap-2025-02-19-14h26m51s034.jpg,good,data_2
vlcsnap-2025-02-19-14h00m38s656.jpg,good,data_2
vlcsnap_2025-03-16-15h16m38s387.jpg,good,data_2
vlcsnap-2025-02-19-14h18m21s417.jpg,good,data_2
vlcsnap-2025-02-19-14h00m49s193.jpg,good,data_2
vlcsnap-2025-02-19-14h53m05s215.jpg,good,data_2
vlcsnap-2025-02-26-20h33m21s359.jpg,good,data_2
vlcsnap-00007.jpg,good,data_2
vlcsnap-2025-02-19-13h53m36s587.jpg,good,data_2
vlcsnap-2025-02-18-17h10m25s907.jpg,good,data_2
vlcsnap-00013.jpg,good,data_2
vlcsnap-2025-02-18-18h32m01s424.jpg,good,data_2
vlcsnap-2025-02-19-14h17m52s707.jpg,good,data_2
vlcsnap-00005.jpg,good,data_2
vlcsnap-2025-02-26-20h36m25s381.jpg,good,data_2
vlcsnap-2025-02-26-20h32m44s363.jpg,good,data_2
vlcsnap-00011.jpg,good,data_2
vlcsnap-2025-02-18-17h01m36s608.jpg,good,data_2
vlcsnap-00039.jpg,good,data_2
vlcsnap-2025-02-19-14h57m14s904.jpg,good,data_2
vlcsnap-2025-02-19-14h08m50s023.jpg,good,data_2
20250219_170603.jpg,good,data_2
vlcsnap-2025-02-19-14h29m02s439.jpg,good,data_2
20250223_104750.jpg,good,data_2
vlcsnap-2025-02-19-14h24m15s730.jpg,good,data_2
vlcsnap-2025-02-18-17h01m34s533.jpg,good,data_2
vlcsnap-2025-02-26-20h34m22s994.jpg,good,data_2
vlcsnap-2025-02-19-16h21m48s307.jpg,good,data_2
vlcsnap-2025-02-19-14h19m11s006.jpg,good,data_2
vlcsnap-00207.jpg,good,data_2
vlcsnap-00213.jpg,good,data_2
vlcsnap-2025-02-19-14h27m35s786.jpg,good,data_2
vlcsnap-2025-02-26-20h33m06s406.jpg,good,data_2
vlcsnap-2025-02-18-17h03m24s155.jpg,good,data_2
vlcsnap-2025-02-19-16h21m46s026.jpg,good,data_2
vlcsnap-2025-02-18-18h42m44s201.jpg,good,data_2
vlcsnap-2025-02-18-18h32m43s729.jpg,good,data_2
vlcsnap-2025-02-19-14h21m11s259.jpg,good,data_2
vlcsnap_2025-03-16-15h21m43s351.jpg,good,data_2
vlcsnap-2025-02-19-14h14m53s268.jpg,good,data_2
vlcsnap_2025-03-16-15h20m18s580.jpg,good,data_2
vlcsnap-2025-02-18-18h46m29s004.jpg,good,data_2
vlcsnap-2025-02-19-14h16m59s137.jpg,good,data_2
vlcsnap-2025-02-18-23h15m29s560.jpg,good,data_2
vlcsnap-2025-02-18-23h27m15s316.jpg,good,data_2
vlcsnap-2025-02-19-14h17m43s931.jpg,good,data_2
vlcsnap-2025-02-18-23h29m05s904.jpg,good,data_2
vlcsnap-2025-02-18-23h30m28s596.jpg,good,data_2
vlcsnap-2025-02-18-23h14m34s881.jpg,good,data_2
vlcsnap-2025-02-19-14h43m40s685.jpg,good,data_2
vlcsnap-2025-02-18-18h31m35s101.jpg,good,data_2
vlcsnap-2025-02-18-23h27m51s328.jpg,good,data_2
vlcsnap-2025-02-19-17h13m27s267.jpg,good,data_2
vlcsnap-2025-02-18-23h16m49s457.jpg,good,data_2
vlcsnap-2025-02-26-20h31m11s632.jpg,good,data_2
vlcsnap-2025-02-18-17h01m57s278.jpg,good,data_2
vlcsnap-2025-02-19-14h29m22s085.jpg,good,data_2
vlcsnap-2025-02-26-20h37m45s607.jpg,good,data_2
vlcsnap-2025-02-19-14h30m27s488.jpg,good,data_2
vlcsnap-2025-02-19-14h04m56s627.jpg,good,data_2
vlcsnap-2025-02-19-14h17m09s838.jpg,good,data_2
vlcsnap-2025-02-18-17h11m31s430.jpg,good,data_2
vlcsnap-2025-02-19-15h13m35s433.jpg,good,data_2
vlcsnap-2025-02-18-17h11m22s054.jpg,good,data_2
vlcsnap-2025-02-18-23h30m29s418.jpg,good,data_2
vlcsnap-00171.jpg,good,data_2
vlcsnap_2025-03-16-15h17m03s874.jpg,good,data_2
vlcsnap-00165.jpg,good,data_2
vlcsnap-2025-02-19-14h22m16s149.jpg,good,data_2
20250219_165420.jpg,good,data_2
vlcsnap-2025-02-19-17h08m23s745.jpg,good,data_2
vlcsnap-2025-02-18-18h36m38s179.jpg,good,data_2
vlcsnap-00159.jpg,good,data_2
vlcsnap-2025-02-18-23h13m52s540.jpg,good,data_2
vlcsnap-2025-02-19-13h52m35s172.jpg,good,data_2
vlcsnap-2025-02-26-20h38m53s435.jpg,good,data_2
vlcsnap-2025-02-18-23h24m54s277.jpg,good,data_2
vlcsnap-2025-02-18-18h42m18s629.jpg,good,data_2
20250219_164919.jpg,good,data_2
vlcsnap-2025-02-18-23h07m46s200.jpg,good,data_2
vlcsnap-2025-02-19-14h24m30s948.jpg,good,data_2
vlcsnap-2025-02-19-14h18m47s024.jpg,good,data_2
vlcsnap-2025-02-18-23h16m39s382.jpg,good,data_2
vlcsnap-2025-02-18-17h11m10s498.jpg,good,data_2
vlcsnap-2025-02-19-14h23m57s513.jpg,good,data_2
vlcsnap-00158.jpg,good,data_2
vlcsnap-2025-02-26-20h31m16s868.jpg,good,data_2
vlcsnap-2025-02-19-14h56m59s767.jpg,good,data_2
vlcsnap-00164.jpg,good,data_2
vlcsnap-2025-02-19-14h44m01s613.jpg,good,data_2
vlcsnap-2025-02-18-23h30m25s629.jpg,good,data_2
vlcsnap-2025-02-19-14h22m04s298.jpg,good,data_2
vlcsnap-00170.jpg,good,data_2
vlcsnap-2025-02-26-20h38m09s893.jpg,good,data_2
vlcsnap-2025-02-19-16h24m28s831.jpg,good,data_2
vlcsnap-2025-02-18-17h10m59s358.jpg,good,data_2
vlcsnap-2025-02-19-17h14m07s722.jpg,good,data_2
vlcsnap-2025-02-19-14h44m07s468.jpg,good,data_2
vlcsnap-2025-02-18-17h06m03s630.jpg,good,data_2
vlcsnap-2025-02-19-14h26m07s130.jpg,good,data_2
vlcsnap-2025-02-19-14h41m49s395.jpg,good,data_2
vlcsnap-2025-02-19-14h22m37s644.jpg,good,data_2
vlcsnap-2025-02-18-17h04m54s778.jpg,good,data_2
vlcsnap-2025-02-19-14h17m22s171.jpg,good,data_2
vlcsnap-2025-02-19-14h29m24s770.jpg,good,data_2
vlcsnap-2025-02-19-13h54m19s086.jpg,good,data_2
vlcsnap-2025-02-19-14h25m44s752.jpg,good,data_2
vlcsnap-2025-02-26-20h33m29s638.jpg,good,data_2
vlcsnap-2025-02-19-14h44m19s563.jpg,good,data_2
vlcsnap-2025-02-19-14h21m06s191.jpg,good,data_2
vlcsnap-2025-02-18-17h05m43s813.jpg,good,data_2
vlcsnap-2025-02-26-20h33m00s442.jpg,good,data_2
vlcsnap-2025-02-18-18h44m34s681.jpg,good,data_2
vlcsnap-2025-02-19-15h06m00s407.jpg,good,data_2
vlcsnap-2025-02-19-15h11m21s909.jpg,good,data_2
vlcsnap-2025-02-26-20h34m00s633.jpg,good,data_2
vlcsnap-2025-02-19-14h29m51s283.jpg,good,data_2
vlcsnap-2025-02-19-14h49m06s136.jpg,good,data_2
20250223_144836.jpg,good,data_2
vlcsnap-2025-02-19-14h18m40s892.jpg,good,data_2
vlcsnap-2025-02-19-15h07m34s342.jpg,good,data_2
vlcsnap-2025-02-18-23h18m23s887.jpg,good,data_2
vlcsnap-2025-02-18-18h36m32s090.jpg,good,data_2
vlcsnap-2025-02-19-15h06m56s689.jpg,good,data_2
vlcsnap-2025-02-19-14h25m30s703.jpg,good,data_2
vlcsnap-00212.jpg,good,data_2
vlcsnap-00206.jpg,good,data_2
vlcsnap-2025-02-19-13h55m42s086.jpg,good,data_2
vlcsnap-2025-02-26-20h34m24s522.jpg,good,data_2
vlcsnap-2025-02-19-14h49m38s907.jpg,good,data_2
vlcsnap-2025-02-18-18h32m24s533.jpg,good,data_2
vlcsnap-2025-02-18-23h24m39s634.jpg,good,data_2
vlcsnap-2025-02-19-14h43m52s839.jpg,good,data_2
vlcsnap-2025-02-19-14h16m01s927.jpg,good,data_2
vlcsnap-2025-02-18-18h41m51s405.jpg,good,data_2
vlcsnap-2025-02-18-17h10m35s079.jpg,good,data_2
vlcsnap-2025-02-19-14h52m06s971.jpg,good,data_2
vlcsnap-00038.jpg,good,data_2
vlcsnap-00010.jpg,good,data_2
vlcsnap-2025-02-18-18h41m15s573.jpg,good,data_2
vlcsnap-2025-02-18-23h13m19s883.jpg,good,data_2
vlcsnap-2025-02-26-20h34m17s883.jpg,good,data_2
vlcsnap-2025-02-18-18h46m53s567.jpg,good,data_2
vlcsnap-00004.jpg,good,data_2
vlcsnap-2025-02-19-15h11m40s216.jpg,good,data_2
vlcsnap-2025-02-18-23h13m56s767.jpg,good,data_2
vlcsnap-2025-02-19-15h03m11s775.jpg,good,data_2
vlcsnap-00028.jpg,good,data_2
vlcsnap-2025-02-19-14h14m57s488.jpg,good,data_2
vlcsnap-2025-02-18-23h27m31s572.jpg,good,data_2
vlcsnap-00014.jpg,good,data_2
vlcsnap-2025-02-18-18h35m48s739.jpg,good,data_2
vlcsnap-2025-02-19-17h03m31s261.jpg,good,data_2
vlcsnap-2025-02-18-17h03m44s860.jpg,good,data_2
vlcsnap-2025-02-19-14h01m06s349.jpg,good,data_2
vlcsnap-2025-02-18-18h39m25s704.jpg,good,data_2
vlcsnap-2025-02-26-20h36m28s416.jpg,good,data_2
vlcsnap-2025-02-19-14h21m45s672.jpg,good,data_2
vlcsnap_2025-03-16-15h18m37s334.jpg,good,data_2
vlcsnap-2025-02-18-18h32m40s189.jpg,good,data_2
vlcsnap-2025-02-18-23h11m28s079.jpg,good,data_2
vlcsnap-2025-02-18-23h07m50s137.jpg,good,data_2
vlcsnap-2025-02-19-13h55m49s999.jpg,good,data_2
vlcsnap-00202.jpg,good,data_2
20250219_165753.jpg,good,data_2
vlcsnap-2025-02-19-14h06m28s504.jpg,good,data_2
vlcsnap-2025-02-19-14h26m43s863.jpg,good,data_2
vlcsnap-2025-02-19-14h28m52s076.jpg,good,data_2
vlcsnap-2025-02-19-14h42m07s301.jpg,good,data_2
vlcsnap-2025-02-19-14h42m11s556.jpg,good,data_2
vlcsnap-2025-02-19-14h54m40s931.jpg,good,data_2
vlcsnap-2025-02-19-14h52m42s234.jpg,good,data_2
vlcsnap-2025-02-18-23h30m22s862.jpg,good,data_2
vlcsnap-2025-02-18-18h33m29s587.jpg,good,data_2
vlcsnap-2025-02-19-15h05m02s468.jpg,good,data_2
vlcsnap-2025-02-19-17h09m25s147.jpg,good,data_2
vlcsnap-2025-02-19-14h22m10s323.jpg,good,data_2
vlcsnap-2025-02-18-23h30m29s192.jpg,good,data_2
vlcsnap_2025-03-16-15h20m16s505.jpg,good,data_2
vlcsnap-00148.jpg,good,data_2
vlcsnap-2025-02-26-20h31m54s793.jpg,good,data_2
vlcsnap-2025-02-18-17h03m35s035.jpg,good,data_2
vlcsnap-2025-02-18-18h42m07s246.jpg,good,data_2
vlcsnap_2025-03-16-15h14m50s746.jpg,good,data_2
vlcsnap-00174.jpg,good,data_2
vlcsnap-2025-02-26-20h32m17s640.jpg,good,data_2
vlcsnap-2025-02-18-23h08m20s084.jpg,good,data_2
vlcsnap-2025-02-18-18h47m27s166.jpg,good,data_2
vlcsnap-00160.jpg,good,data_2
vlcsnap-2025-02-26-20h35m11s448.jpg,good,data_2
vlcsnap-2025-02-18-18h32m34s457.jpg,good,data_2
vlcsnap-2025-02-18-23h14m26s836.jpg,good,data_2
vlcsnap-2025-02-18-17h04m34s902.jpg,good,data_2
vlcsnap-2025-02-19-14h52m17s352.jpg,good,data_2
vlcsnap-2025-02-26-20h34m50s947.jpg,good,data_2
vlcsnap-2025-02-19-17h03m34s523.jpg,good,data_2
vlcsnap-2025-02-18-17h06m19s865.jpg,good,data_2
vlcsnap-2025-02-19-13h56m00s948.jpg,good,data_2
vlcsnap-2025-02-19-14h20m01s580.jpg,good,data_2
vlcsnap-2025-02-18-23h25m07s507.jpg,good,data_2
20250219_165424.jpg,good,data_2
vlcsnap-2025-02-19-14h02m12s428.jpg,good,data_2
vlcsnap-2025-02-19-14h23m06s243.jpg,good,data_2
vlcsnap-00175.jpg,good,data_2
vlcsnap-2025-02-19-14h49m10s566.jpg,good,data_2
vlcsnap-2025-02-18-23h28m37s345.jpg,good,data_2
vlcsnap-2025-02-26-20h38m18s850.jpg,good,data_2
vlcsnap-00149.jpg,good,data_2
vlcsnap-2025-02-19-14h00m24s299.jpg,good,data_2
vlcsnap-2025-02-19-14h21m43s583.jpg,good,data_2
20250223_144012.jpg,good,data_2
vlcsnap-2025-02-18-18h46m11s900.jpg,good,data_2
vlcsnap-2025-02-18-18h33m13s011.jpg,good,data_2
vlcsnap-2025-02-19-14h41m21s708.jpg,good,data_2
vlcsnap-2025-02-18-17h02m01s598.jpg,good,data_2
vlcsnap-2025-02-26-20h38m20s232.jpg,good,data_2
vlcsnap-2025-02-26-20h38m25s405.jpg,good,data_2
vlcsnap-2025-02-19-13h53m12s243.jpg,good,data_2
vlcsnap-2025-02-19-14h17m36s550.jpg,good,data_2
vlcsnap-2025-02-18-23h12m38s248.jpg,good,data_2
vlcsnap-2025-02-26-20h34m08s778.jpg,good,data_2
vlcsnap-2025-02-19-14h51m27s247.jpg,good,data_2
vlcsnap-2025-02-19-14h43m55s673.jpg,good,data_2
vlcsnap-2025-02-18-18h45m31s395.jpg,good,data_2
vlcsnap-2025-02-18-18h44m33s363.jpg,good,data_2
vlcsnap-2025-02-19-14h28m31s489.jpg,good,data_2
vlcsnap-2025-02-18-23h15m21s364.jpg,good,data_2
vlcsnap-2025-02-18-23h10m50s063.jpg,good,data_2
vlcsnap-2025-02-19-15h10m15s907.jpg,good,data_2
vlcsnap-2025-02-18-18h39m40s802.jpg,good,data_2
vlcsnap-2025-02-18-18h35m43s212.jpg,good,data_2
vlcsnap-00203.jpg,good,data_2
vlcsnap-2025-02-19-14h21m14s442.jpg,good,data_2
vlcsnap-2025-02-18-23h15m04s500.jpg,good,data_2
vlcsnap-2025-02-19-14h19m06s730.jpg,good,data_2
vlcsnap-2025-02-26-20h34m26s807.jpg,good,data_2
vlcsnap-2025-02-19-14h19m03s107.jpg,good,data_2
vlcsnap-2025-02-26-20h39m38s890.jpg,good,data_2
vlcsnap-2025-02-19-14h19m59s146.jpg,good,data_2
20250219_164855.jpg,good,data_2
vlcsnap_2025-03-16-15h14m57s465.jpg,good,data_2
vlcsnap-2025-02-18-18h32m56s495.jpg,good,data_2
vlcsnap-2025-02-18-23h15m19s090.jpg,good,data_2
vlcsnap-2025-02-19-14h43m57s951.jpg,good,data_2
vlcsnap-00015.jpg,good,data_2
vlcsnap-2025-02-26-20h33m27s497.jpg,good,data_2
vlcsnap-2025-02-18-23h15m08s254.jpg,good,data_2
vlcsnap-00001.jpg,good,data_2
vlcsnap-2025-02-18-23h10m51s700.jpg,good,data_2
vlcsnap-2025-02-18-18h46m43s576.jpg,good,data_2
vlcsnap-00029.jpg,good,data_2
vlcsnap_2025-03-16-15h26m11s215.jpg,good,data_2
vlcsnap-2025-02-18-18h32m05s986.jpg,good,data_2
vlcsnap-2025-02-19-14h04m52s830.jpg,good,data_2
vlcsnap-2025-02-26-20h33m59s062.jpg,good,data_2
20250219_170613.jpg,good,data_2
vlcsnap-2025-02-18-18h45m32s915.jpg,good,data_2
vlcsnap-2025-02-18-23h30m23s092.jpg,good,data_2
vlcsnap-2025-02-19-13h59m33s924.jpg,good,data_2
vlcsnap-2025-02-26-20h42m12s695.jpg,good,data_2
vlcsnap-2025-02-19-14h20m20s852.jpg,good,data_2
vlcsnap-2025-02-19-13h56m05s774.jpg,good,data_2
vlcsnap-2025-02-18-23h25m43s507.jpg,good,data_2
vlcsnap-00017.jpg,good,data_2
vlcsnap-2025-02-18-17h11m23s453.jpg,good,data_2
vlcsnap-00003.jpg,good,data_2
vlcsnap-2025-02-19-15h11m08s180.jpg,good,data_2
vlcsnap-2025-02-19-14h17m29s266.jpg,good,data_2
vlcsnap-2025-02-19-14h13m52s026.jpg,good,data_2
vlcsnap-2025-02-19-17h09m09s086.jpg,good,data_2
vlcsnap-2025-02-18-18h42m16s877.jpg,good,data_2
vlcsnap-2025-02-19-14h44m14s194.jpg,good,data_2
vlcsnap-2025-02-19-17h04m44s457.jpg,good,data_2
vlcsnap-2025-02-19-14h17m06s663.jpg,good,data_2
vlcsnap-2025-02-19-13h53m02s335.jpg,good,data_2
vlcsnap-2025-02-19-14h00m39s870.jpg,good,data_2
vlcsnap-2025-02-18-23h24m25s826.jpg,good,data_2
vlcsnap-00201.jpg,good,data_2
vlcsnap-2025-02-19-14h59m33s317.jpg,good,data_2
vlcsnap-2025-02-19-14h17m20s477.jpg,good,data_2
vlcsnap-2025-02-18-23h28m16s517.jpg,good,data_2
vlcsnap_2025-03-16-15h24m05s533.jpg,good,data_2
vlcsnap-2025-02-19-14h50m11s149.jpg,good,data_2
vlcsnap-2025-02-26-20h37m59s545.jpg,good,data_2
vlcsnap_2025-03-16-15h14m11s414.jpg,good,data_2
vlcsnap-2025-02-26-20h35m10s274.jpg,good,data_2
vlcsnap-2025-02-19-14h29m53s140.jpg,good,data_2
vlcsnap-2025-02-19-17h11m25s058.jpg,good,data_2
20250223_143958.jpg,good,data_2
vlcsnap_2025-03-16-15h20m55s801.jpg,good,data_2
vlcsnap-2025-02-18-23h18m26s133.jpg,good,data_2
vlcsnap-2025-02-19-14h36m32s311.jpg,good,data_2
vlcsnap-2025-02-19-15h03m18s985.jpg,good,data_2
vlcsnap-2025-02-18-17h11m33s057.jpg,good,data_2
vlcsnap-2025-02-18-23h16m43s156.jpg,good,data_2
vlcsnap-2025-02-18-18h41m47s916.jpg,good,data_2
vlcsnap-2025-02-19-14h07m10s853.jpg,good,data_2
vlcsnap-2025-02-18-23h30m06s580.jpg,good,data_2
vlcsnap-2025-02-19-15h11m32s749.jpg,good,data_2
vlcsnap-2025-02-19-14h20m30s517.jpg,good,data_2
vlcsnap-2025-02-18-18h33m30s632.jpg,good,data_2
vlcsnap-2025-02-19-14h52m20s419.jpg,good,data_2
vlcsnap-2025-02-26-20h33m23s476.jpg,good,data_2
vlcsnap-2025-02-19-14h20m18s634.jpg,good,data_2
vlcsnap-2025-02-19-15h05m55s804.jpg,good,data_2
vlcsnap-2025-02-19-14h49m33s379.jpg,good,data_2
vlcsnap-00163.jpg,good,data_2
20250219_164738.jpg,good,data_2
vlcsnap-2025-02-19-13h52m55s313.jpg,good,data_2
vlcsnap-2025-02-19-14h13m50s269.jpg,good,data_2
vlcsnap-2025-02-18-17h03m54s730.jpg,good,data_2
vlcsnap-00177.jpg,good,data_2
vlcsnap-2025-02-18-17h03m33s067.jpg,good,data_2
vlcsnap-2025-02-19-14h13m38s815.jpg,good,data_2
vlcsnap_2025-03-16-15h15m46s340.jpg,good,data_2
vlcsnap-2025-02-18-23h12m24s456.jpg,good,data_2
vlcsnap-2025-02-18-17h02m46s063.jpg,good,data_2
vlcsnap-00188.jpg,good,data_2
vlcsnap-2025-02-19-14h29m23s045.jpg,good,data_2
vlcsnap-2025-02-19-14h41m27s559.jpg,good,data_2
vlcsnap-2025-02-18-18h32m45s434.jpg,good,data_2
vlcsnap-2025-02-19-14h15m05s715.jpg,good,data_2
vlcsnap-2025-02-19-13h52m44s869.jpg,good,data_2
vlcsnap-2025-02-18-18h33m11s843.jpg,good,data_2
vlcsnap-2025-02-19-16h21m31s373.jpg,good,data_2
vlcsnap-2025-02-18-23h15m54s469.jpg,good,data_2
vlcsnap-00189.jpg,good,data_2
vlcsnap-2025-02-19-14h16m02s772.jpg,good,data_2
vlcsnap-2025-02-18-17h05m24s398.jpg,good,data_2
vlcsnap-2025-02-19-14h56m51s808.jpg,good,data_2
vlcsnap-00176.jpg,good,data_2
vlcsnap-00162.jpg,good,data_2
vlcsnap-2025-02-19-13h55m55s177.jpg,good,data_2
vlcsnap-2025-02-19-15h07m32s936.jpg,good,data_2
vlcsnap-2025-02-18-23h30m33s871.jpg,good,data_2
vlcsnap-2025-02-19-15h09m28s804.jpg,good,data_2
vlcsnap-2025-02-18-18h37m05s599.jpg,good,data_2
vlcsnap-2025-02-19-14h13m54s102.jpg,good,data_2
vlcsnap_2025-03-16-15h25m12s708.jpg,good,data_2
vlcsnap-2025-02-19-14h27m12s180.jpg,good,data_2
vlcsnap-2025-02-19-14h14m58s631.jpg,good,data_2
vlcsnap-2025-02-18-17h02m34s894.jpg,good,data_2
vlcsnap-2025-02-18-23h29m08s868.jpg,good,data_2
vlcsnap-2025-02-19-15h10m18s648.jpg,good,data_2
vlcsnap-2025-02-18-17h02m23s142.jpg,good,data_2
vlcsnap-2025-02-18-23h16m54s498.jpg,good,data_2
vlcsnap-2025-02-26-20h31m07s658.jpg,good,data_2
vlcsnap-2025-02-19-15h05m07s275.jpg,good,data_2
vlcsnap-2025-02-18-17h10m58s171.jpg,good,data_2
vlcsnap_2025-03-16-15h21m17s354.jpg,good,data_2
vlcsnap-2025-02-19-17h09m21s575.jpg,good,data_2
vlcsnap-2025-02-19-14h48m37s863.jpg,good,data_2
vlcsnap-2025-02-19-14h31m40s773.jpg,good,data_2
vlcsnap-2025-02-18-23h29m04s331.jpg,good,data_2
vlcsnap-2025-02-19-15h07m58s501.jpg,good,data_2
vlcsnap-2025-02-19-14h52m55s921.jpg,good,data_2
20250223_144944.jpg,good,data_2
vlcsnap-2025-02-18-23h12m22s604.jpg,good,data_2
vlcsnap-2025-02-19-16h24m27s454.jpg,good,data_2
vlcsnap_2025-03-16-15h27m55s536.jpg,good,data_2
vlcsnap-2025-02-19-16h25m09s616.jpg,good,data_2
vlcsnap-2025-02-18-18h36m57s439.jpg,good,data_2
20250223_144159.jpg,good,data_2
vlcsnap-2025-02-19-15h10m56s365.jpg,good,data_2
vlcsnap-2025-02-26-20h34m19s554.jpg,good,data_2
vlcsnap-00200.jpg,good,data_2
20250219_171056.jpg,good,data_2
vlcsnap_2025-03-16-15h18m22s918.jpg,good,data_2
vlcsnap-2025-02-26-20h37m24s099.jpg,good,data_2
vlcsnap-2025-02-19-15h06m10s398.jpg,good,data_2
vlcsnap-2025-02-19-15h05m11s436.jpg,good,data_2
vlcsnap-2025-02-18-23h29m07s392.jpg,good,data_2
vlcsnap-2025-02-18-23h28m46s078.jpg,good,data_2
vlcsnap-2025-02-19-14h22m05s489.jpg,good,data_2
vlcsnap-2025-02-19-14h59m07s946.jpg,good,data_2
vlcsnap-2025-02-26-20h37m53s725.jpg,good,data_2
vlcsnap-00214.jpg,good,data_2
vlcsnap-2025-02-26-20h39m30s063.jpg,good,data_2
vlcsnap-2025-02-19-14h51m08s696.jpg,good,data_2
vlcsnap-2025-02-18-18h46m50s688.jpg,good,data_2
vlcsnap-2025-02-18-18h36m53s784.jpg,good,data_2
vlcsnap-2025-02-19-14h44m34s887.jpg,good,data_2
20250223_104743.jpg,good,data_2
vlcsnap-2025-02-19-14h24m18s714.jpg,good,data_2
vlcsnap-2025-02-18-18h33m28s423.jpg,good,data_2
vlcsnap_2025-03-16-15h14m18s210.jpg,good,data_2
vlcsnap-2025-02-18-23h08m10s837.jpg,good,data_2
vlcsnap-2025-02-18-23h30m28s793.jpg,good,data_2
vlcsnap-2025-02-19-15h08m30s503.jpg,good,data_2
vlcsnap-2025-02-19-13h53m24s120.jpg,good,data_2
vlcsnap-2025-02-18-18h47m31s082.jpg,good,data_2
vlcsnap-00002.jpg,good,data_2
vlcsnap-00016.jpg,good,data_2
vlcsnap-2025-02-19-14h01m02s960.jpg,good,data_2
vlcsnap_2025-03-16-15h22m47s973.jpg,good,data_2
vlcsnap-2025-02-19-14h01m27s651.jpg,good,data_2
vlcsnap-00071.jpg,good,data_2
vlcsnap-2025-02-19-14h53m48s935.jpg,good,data_2
vlcsnap-2025-02-18-18h32m52s770.jpg,good,data_2
vlcsnap-2025-02-18-23h07m47s847.jpg,good,data_2
vlcsnap-2025-02-19-15h07m57s285.jpg,good,data_2
vlcsnap-2025-02-18-18h43m10s582.jpg,good,data_2
vlcsnap-2025-02-19-14h22m59s159.jpg,good,data_2
vlcsnap-2025-02-18-18h39m27s314.jpg,good,data_2
vlcsnap-00065.jpg,good,data_2
vlcsnap-2025-02-18-23h10m48s405.jpg,good,data_2
vlcsnap-2025-02-18-18h47m29s801.jpg,good,data_2
vlcsnap-2025-02-19-15h10m41s342.jpg,good,data_2
vlcsnap-00059.jpg,good,data_2
vlcsnap-2025-02-19-14h29m25s660.jpg,good,data_2
20250223_104730.jpg,good,data_2
vlcsnap-2025-02-18-18h46m16s677.jpg,good,data_2
vlcsnap-2025-02-26-20h42m29s611.jpg,good,data_2
vlcsnap-2025-02-26-20h41m15s130.jpg,good,data_2
vlcsnap-2025-02-19-15h11m25s800.jpg,good,data_2
vlcsnap-2025-02-18-23h28m51s077.jpg,good,data_2
vlcsnap-2025-02-18-23h25m47s192.jpg,good,data_2
vlcsnap-2025-02-18-23h18m34s130.jpg,good,data_2
vlcsnap-2025-02-19-17h14m06s154.jpg,good,data_2
vlcsnap_2025-03-16-15h16m34s670.jpg,good,data_2
vlcsnap-2025-02-19-17h09m28s277.jpg,good,data_2
vlcsnap-2025-02-18-17h05m41s195.jpg,good,data_2
vlcsnap-2025-02-18-18h36m56s301.jpg,good,data_2
vlcsnap-2025-02-18-23h26m46s628.jpg,good,data_2
vlcsnap-2025-02-19-15h05m35s973.jpg,good,data_2
vlcsnap-2025-02-19-17h10m02s041.jpg,good,data_2
vlcsnap-2025-02-19-15h10m54s993.jpg,good,data_2
vlcsnap_2025-03-16-15h23m02s200.jpg,good,data_2
vlcsnap-2025-02-19-17h14m56s176.jpg,good,data_2
vlcsnap-2025-02-26-20h41m32s686.jpg,good,data_2
20250223_144843.jpg,good,data_2
vlcsnap-2025-02-19-14h41m47s374.jpg,good,data_2
vlcsnap-2025-02-19-14h43m37s950.jpg,good,data_2
vlcsnap_2025-03-16-15h31m01s683.jpg,good,data_2
vlcsnap-2025-02-18-18h30m38s489.jpg,good,data_2
vlcsnap-2025-02-19-14h19m32s445.jpg,good,data_2
vlcsnap-2025-02-19-14h13m29s902.jpg,good,data_2
vlcsnap-2025-02-18-17h04m32s301.jpg,good,data_2
vlcsnap-2025-02-19-14h22m17s919.jpg,good,data_2
vlcsnap_2025-03-16-15h26m53s008.jpg,good,data_2
20250223_143902.jpg,good,data_2
vlcsnap-2025-02-18-17h02m28s619.jpg,good,data_2
vlcsnap-2025-02-19-15h08m05s738.jpg,good,data_2
vlcsnap-2025-02-19-14h57m13s139.jpg,good,data_2
vlcsnap-2025-02-18-18h43m42s937.jpg,good,data_2
vlcsnap-2025-02-19-14h20m24s800.jpg,good,data_2
vlcsnap-2025-02-18-17h02m20s958.jpg,good,data_2
vlcsnap-2025-02-18-17h10m40s716.jpg,good,data_2
vlcsnap-2025-02-19-14h56m56s152.jpg,good,data_2
vlcsnap-2025-02-18-18h36m52s335.jpg,good,data_2
vlcsnap-2025-02-18-23h13m59s036.jpg,good,data_2
vlcsnap-00105.jpg,good,data_2
vlcsnap-2025-02-18-18h47m10s448.jpg,good,data_2
vlcsnap-2025-02-18-18h46m47s724.jpg,good,data_2
vlcsnap-2025-02-19-14h09m51s764.jpg,good,data_2
vlcsnap-2025-02-18-23h28m49s924.jpg,good,data_2
vlcsnap-00111.jpg,good,data_2
vlcsnap-00139.jpg,good,data_2
vlcsnap-2025-02-19-14h52m57s658.jpg,good,data_2
vlcsnap_2025-03-16-15h25m20s407.jpg,good,data_2
vlcsnap-2025-02-18-17h05m32s345.jpg,good,data_2
vlcsnap-2025-02-19-14h44m12s000.jpg,good,data_2
vlcsnap-2025-02-19-15h06m03s837.jpg,good,data_2
vlcsnap-2025-02-26-20h34m04s882.jpg,good,data_2
vlcsnap-2025-02-19-14h49m03s416.jpg,good,data_2
vlcsnap-2025-02-26-20h41m36s103.jpg,good,data_2
vlcsnap-2025-02-19-16h22m34s909.jpg,good,data_2
vlcsnap-2025-02-18-18h47m04s939.jpg,good,data_2
vlcsnap-2025-02-18-23h25m50s501.jpg,good,data_2
vlcsnap-2025-02-19-14h13m49s185.jpg,good,data_2
vlcsnap-2025-02-18-18h32m38s603.jpg,good,data_2
vlcsnap-2025-02-19-14h14m48s694.jpg,good,data_2
vlcsnap-2025-02-19-14h22m14s561.jpg,good,data_2
vlcsnap-2025-02-19-14h42m48s659.jpg,good,data_2
vlcsnap-2025-02-26-20h32m11s661.jpg,good,data_2
vlcsnap-2025-02-19-15h10m38s494.jpg,good,data_2
vlcsnap-2025-02-18-23h13m29s907.jpg,good,data_2
vlcsnap-2025-02-18-18h44m37s483.jpg,good,data_2
vlcsnap-2025-02-26-20h32m14s903.jpg,good,data_2
vlcsnap-2025-02-18-18h36m06s732.jpg,good,data_2
vlcsnap-00138.jpg,good,data_2
vlcsnap_2025-03-16-15h29m54s028.jpg,good,data_2
vlcsnap-00110.jpg,good,data_2
20250219_165333.jpg,good,data_2
vlcsnap-00104.jpg,good,data_2
vlcsnap-2025-02-26-20h32m50s120.jpg,good,data_2
vlcsnap-2025-02-19-15h05m06s028.jpg,good,data_2
vlcsnap_2025-03-16-15h20m26s297.jpg,good,data_2
vlcsnap-2025-02-19-13h53m27s318.jpg,good,data_2
vlcsnap-2025-02-19-14h13m41s592.jpg,good,data_2
vlcsnap-2025-02-19-14h57m00s992.jpg,good,data_2
vlcsnap-2025-02-19-13h53m09s268.jpg,good,data_2
vlcsnap-2025-02-19-16h24m23s176.jpg,good,data_2
vlcsnap-2025-02-19-13h53m07s405.jpg,good,data_2
vlcsnap-2025-02-19-16h24m16s074.jpg,good,data_2
vlcsnap-2025-02-18-18h43m34s241.jpg,good,data_2
vlcsnap-2025-02-19-17h05m50s087.jpg,good,data_2
vlcsnap-2025-02-19-14h13m55s161.jpg,good,data_2
vlcsnap-2025-02-19-15h07m23s969.jpg,good,data_2
vlcsnap-2025-02-26-20h34m38s606.jpg,good,data_2
vlcsnap-2025-02-19-14h27m51s946.jpg,good,data_2
vlcsnap-2025-02-19-15h07m59s774.jpg,good,data_2
vlcsnap-2025-02-19-15h05m19s330.jpg,good,data_2
20250223_143917.jpg,good,data_2
vlcsnap-2025-02-19-15h05m20s943.jpg,good,data_2
vlcsnap-2025-02-19-15h06m04s731.jpg,good,data_2
vlcsnap-2025-02-19-16h24m18s023.jpg,good,data_2
vlcsnap-2025-02-19-14h18m05s573.jpg,good,data_2
vlcsnap-2025-02-19-17h03m50s926.jpg,good,data_2
vlcsnap-2025-02-19-14h49m16s803.jpg,good,data_2
vlcsnap-2025-02-19-14h52m58s804.jpg,good,data_2
vlcsnap-2025-02-26-20h34m33s099.jpg,good,data_2
vlcsnap_2025-03-16-15h18m34s046.jpg,good,data_2
vlcsnap-2025-02-18-23h30m06s450.jpg,good,data_2
vlcsnap-2025-02-26-20h36m51s945.jpg,good,data_2
vlcsnap_2025-03-16-15h30m26s004.jpg,good,data_2
vlcsnap-2025-02-19-14h26m26s258.jpg,good,data_2
vlcsnap-2025-02-19-14h04m54s435.jpg,good,data_2
vlcsnap-2025-02-18-23h24m02s649.jpg,good,data_2
vlcsnap-2025-02-18-18h33m40s988.jpg,good,data_2
vlcsnap-2025-02-26-20h34m52s238.jpg,good,data_2
vlcsnap-2025-02-19-14h06m58s511.jpg,good,data_2
vlcsnap-2025-02-18-18h33m39s642.jpg,good,data_2
vlcsnap-00058.jpg,good,data_2
vlcsnap-2025-02-18-23h15m37s152.jpg,good,data_2
vlcsnap-2025-02-18-17h01m26s641.jpg,good,data_2
vlcsnap-00064.jpg,good,data_2
vlcsnap-2025-02-18-18h47m37s704.jpg,good,data_2
vlcsnap-2025-02-19-14h19m43s815.jpg,good,data_2
vlcsnap-00070.jpg,good,data_2
vlcsnap-2025-02-19-14h16m13s498.jpg,good,data_2
vlcsnap-00066.jpg,good,data_2
vlcsnap-2025-02-18-23h23m37s538.jpg,good,data_2
vlcsnap-2025-02-18-23h24m47s512.jpg,good,data_2
vlcsnap-2025-02-19-14h06m29s598.jpg,good,data_2
vlcsnap-00072.jpg,good,data_2
vlcsnap-2025-02-19-14h22m38s648.jpg,good,data_2
vlcsnap-2025-02-19-14h19m17s746.jpg,good,data_2
vlcsnap-2025-02-19-14h40m30s538.jpg,good,data_2
vlcsnap-2025-02-19-14h22m00s796.jpg,good,data_2
vlcsnap_2025-03-16-15h19m14s872.jpg,good,data_2
vlcsnap-2025-02-19-15h03m07s795.jpg,good,data_2
vlcsnap-2025-02-18-18h48m42s479.jpg,good,data_2
vlcsnap-2025-02-26-20h32m41s286.jpg,good,data_2
vlcsnap-2025-02-18-23h24m20s251.jpg,good,data_2
vlcsnap-00099.jpg,good,data_2
vlcsnap-2025-02-19-14h30m22s196.jpg,good,data_2
vlcsnap_2025-03-16-15h15m12s496.jpg,good,data_2
vlcsnap_2025-03-16-15h16m29s650.jpg,good,data_2
vlcsnap-2025-02-19-17h10m39s739.jpg,good,data_2
vlcsnap-2025-02-18-18h37m07s201.jpg,good,data_2
vlcsnap-2025-02-18-23h28m42s438.jpg,good,data_2
vlcsnap-2025-02-19-17h14m10s304.jpg,good,data_2
20250219_165709.jpg,good,data_2
vlcsnap-2025-02-19-15h05m59s072.jpg,good,data_2
vlcsnap-2025-02-26-20h37m14s092.jpg,good,data_2
vlcsnap-2025-02-18-23h30m25s298.jpg,good,data_2
vlcsnap-2025-02-19-14h27m59s759.jpg,good,data_2
vlcsnap_2025-03-16-15h19m38s185.jpg,good,data_2
vlcsnap-2025-02-19-14h43m48s958.jpg,good,data_2
20250219_170258.jpg,good,data_2
20250223_144934.jpg,good,data_2
vlcsnap-2025-02-18-18h42m45s663.jpg,good,data_2
vlcsnap-2025-02-19-15h08m40s310.jpg,good,data_2
vlcsnap-2025-02-18-23h08m03s358.jpg,good,data_2
vlcsnap-2025-02-19-13h53m32s539.jpg,good,data_2
vlcsnap_2025-03-16-15h21m36s825.jpg,good,data_2
vlcsnap-2025-02-19-14h12m25s787.jpg,good,data_2
vlcsnap-2025-02-18-17h02m17s009.jpg,good,data_2
vlcsnap-00112.jpg,good,data_2
vlcsnap-00106.jpg,good,data_2
vlcsnap_2025-03-16-15h15m07s464.jpg,good,data_2
vlcsnap-2025-02-19-14h23m32s690.jpg,good,data_2
vlcsnap-2025-02-18-17h10m43s359.jpg,good,data_2
vlcsnap-2025-02-19-17h02m53s135.jpg,good,data_2
vlcsnap-2025-02-26-20h41m19s505.jpg,good,data_2
vlcsnap-2025-02-19-14h13m26s006.jpg,good,data_2
vlcsnap-2025-02-26-20h39m18s278.jpg,good,data_2
vlcsnap-2025-02-26-20h33m04s400.jpg,good,data_2
vlcsnap-2025-02-19-17h09m51s548.jpg,good,data_2
vlcsnap_2025-03-16-15h21m03s270.jpg,good,data_2
vlcsnap-2025-02-18-18h33m42s285.jpg,good,data_2
vlcsnap-2025-02-19-14h10m38s466.jpg,good,data_2
vlcsnap-2025-02-18-18h46m46s284.jpg,good,data_2
vlcsnap-2025-02-18-18h47m23s280.jpg,good,data_2
vlcsnap_2025-03-16-15h13m26s028.jpg,good,data_2
vlcsnap-2025-02-26-20h33m36s027.jpg,good,data_2
vlcsnap-2025-02-19-15h06m55s463.jpg,good,data_2
vlcsnap-2025-02-19-14h41m24s367.jpg,good,data_2
vlcsnap-2025-02-26-20h33m02s336.jpg,good,data_2
vlcsnap-2025-02-18-17h11m07s691.jpg,good,data_2
vlcsnap-00107.jpg,good,data_2
vlcsnap-00113.jpg,good,data_2
vlcsnap-2025-02-19-14h10m57s525.jpg,good,data_2
vlcsnap-2025-02-18-18h32m11s526.jpg,good,data_2
vlcsnap-2025-02-18-18h32m14s311.jpg,good,data_2
vlcsnap-2025-02-19-15h09m51s230.jpg,good,data_2
vlcsnap-2025-02-19-14h22m22s986.jpg,good,data_2
vlcsnap-2025-02-19-14h17m45s679.jpg,good,data_2
vlcsnap_2025-03-16-15h28m11s518.jpg,good,data_2
vlcsnap-2025-02-19-17h03m06s413.jpg,good,data_2
vlcsnap-2025-02-18-23h30m22s178.jpg,good,data_2
vlcsnap_2025-03-16-15h14m53s345.jpg,good,data_2
vlcsnap-2025-02-19-15h08m45s240.jpg,good,data_2
20250223_143928.jpg,good,data_2
vlcsnap-2025-02-19-14h43m42s279.jpg,good,data_2
vlcsnap-2025-02-19-14h13m59s420.jpg,good,data_2
vlcsnap-2025-02-18-18h33m10s611.jpg,good,data_2
vlcsnap-2025-02-18-18h45m41s037.jpg,good,data_2
vlcsnap-2025-02-18-18h47m33s727.jpg,good,data_2
vlcsnap-2025-02-18-18h45m39s322.jpg,good,data_2
vlcsnap-2025-02-19-14h06m18s450.jpg,good,data_2
vlcsnap-2025-02-26-20h37m09s113.jpg,good,data_2
vlcsnap-2025-02-19-14h51m45s396.jpg,good,data_2
vlcsnap-2025-02-19-14h17m40s884.jpg,good,data_2
vlcsnap-2025-02-18-23h23m36s299.jpg,good,data_2
vlcsnap-2025-02-19-14h14m59s902.jpg,good,data_2
vlcsnap-2025-02-26-20h36m21s506.jpg,good,data_2
vlcsnap-2025-02-26-20h33m40s615.jpg,good,data_2
vlcsnap-2025-02-18-18h30m24s122.jpg,good,data_2
vlcsnap-2025-02-18-18h43m38s674.jpg,good,data_2
vlcsnap-2025-02-19-14h54m39s529.jpg,good,data_2
vlcsnap-00098.jpg,good,data_2
vlcsnap-2025-02-19-14h15m46s519.jpg,good,data_2
vlcsnap-2025-02-26-20h31m33s869.jpg,good,data_2
vlcsnap-2025-02-19-14h21m59s343.jpg,good,data_2
vlcsnap-2025-02-19-14h26m02s360.jpg,good,data_2
vlcsnap-2025-02-26-20h42m15s464.jpg,good,data_2
vlcsnap-2025-02-19-14h26m29s396.jpg,good,data_2
vlcsnap-2025-02-19-15h06m54s076.jpg,good,data_2
vlcsnap-2025-02-18-23h09m10s209.jpg,good,data_2
vlcsnap-2025-02-18-23h24m52s324.jpg,good,data_2
vlcsnap-00073.jpg,good,data_2
vlcsnap-2025-02-19-14h43m59s828.jpg,good,data_2
vlcsnap-2025-02-26-20h41m07s553.jpg,good,data_2
vlcsnap-00067.jpg,good,data_2
vlcsnap-2025-02-19-15h03m10s511.jpg,good,data_2
vlcsnap-2025-02-19-15h08m32s103.jpg,good,data_2
vlcsnap-2025-02-18-18h46m27s425.jpg,good,data_2
vlcsnap-2025-02-18-23h24m32s147.jpg,good,data_2
vlcsnap-00063.jpg,good,data_2
vlcsnap-00077.jpg,good,data_2
vlcsnap-2025-02-18-18h31m30s340.jpg,good,data_2
vlcsnap-2025-02-19-17h08m59s876.jpg,good,data_2
vlcsnap-2025-02-19-15h13m33s982.jpg,good,data_2
vlcsnap-2025-02-18-18h46m15s017.jpg,good,data_2
vlcsnap-2025-02-18-18h37m00s293.jpg,good,data_2
vlcsnap-2025-02-18-17h01m53s564.jpg,good,data_2
vlcsnap_2025-03-16-15h24m20s121.jpg,good,data_2
vlcsnap-2025-02-19-14h22m08s636.jpg,good,data_2
vlcsnap_2025-03-16-15h26m43s387.jpg,good,data_2
vlcsnap-2025-02-19-15h12m17s037.jpg,good,data_2
vlcsnap-2025-02-19-14h18m52s728.jpg,good,data_2
vlcsnap-2025-02-18-23h14m30s019.jpg,good,data_2
vlcsnap-00088.jpg,good,data_2
20250219_164823.jpg,good,data_2
vlcsnap_2025-03-16-15h21m12s648.jpg,good,data_2
vlcsnap-2025-02-19-15h03m21s989.jpg,good,data_2
vlcsnap-2025-02-18-18h44m24s625.jpg,good,data_2
vlcsnap_2025-03-16-15h14m47s822.jpg,good,data_2
vlcsnap-2025-02-18-23h30m34s065.jpg,good,data_2
vlcsnap-2025-02-18-17h04m38s614.jpg,good,data_2
20250219_165042.jpg,good,data_2
vlcsnap-2025-02-19-14h26m52s346.jpg,good,data_2
20250219_165056.jpg,good,data_2
20250223_144138.jpg,good,data_2
vlcsnap-2025-02-18-18h42m42s550.jpg,good,data_2
vlcsnap-2025-02-19-17h09m39s506.jpg,good,data_2
vlcsnap-2025-02-18-18h32m55s044.jpg,good,data_2
vlcsnap-2025-02-19-15h11m34s817.jpg,good,data_2
vlcsnap-2025-02-18-18h32m23s312.jpg,good,data_2
20250219_170513.jpg,good,data_2
vlcsnap-2025-02-19-14h19m15s097.jpg,good,data_2
vlcsnap-2025-02-18-17h04m16s176.jpg,good,data_2
vlcsnap-2025-02-18-23h25m48s850.jpg,good,data_2
20250219_165644.jpg,good,data_2
vlcsnap-2025-02-19-15h09m22s147.jpg,good,data_2
vlcsnap-2025-02-19-14h51m35s903.jpg,good,data_2
vlcsnap-2025-02-18-18h33m45s570.jpg,good,data_2
vlcsnap-2025-02-18-18h48m05s740.jpg,good,data_2
vlcsnap_2025-03-16-15h16m42s905.jpg,good,data_2
vlcsnap-2025-02-19-14h20m51s271.jpg,good,data_2
vlcsnap-2025-02-18-23h30m22s632.jpg,good,data_2
vlcsnap-2025-02-18-23h12m28s438.jpg,good,data_2
vlcsnap-2025-02-26-20h35m04s036.jpg,good,data_2
vlcsnap-2025-02-18-23h10m39s932.jpg,good,data_2
vlcsnap-2025-02-19-15h09m35s477.jpg,good,data_2
vlcsnap-2025-02-19-14h13m37s774.jpg,good,data_2
vlcsnap-2025-02-19-14h17m50s710.jpg,good,data_2
vlcsnap-2025-02-19-15h10m43s692.jpg,good,data_2
vlcsnap-2025-02-26-20h37m18s648.jpg,good,data_2
vlcsnap-2025-02-26-20h35m35s060.jpg,good,data_2
vlcsnap-2025-02-19-14h15m06s649.jpg,good,data_2
vlcsnap-2025-02-26-20h36m00s346.jpg,good,data_2
vlcsnap-2025-02-18-18h36m49s631.jpg,good,data_2
vlcsnap-00117.jpg,good,data_2
vlcsnap-2025-02-18-18h30m41s172.jpg,good,data_2
vlcsnap-00103.jpg,good,data_2
vlcsnap-2025-02-18-18h36m39s442.jpg,good,data_2
vlcsnap_2025-03-16-15h28m40s088.jpg,good,data_2
vlcsnap-2025-02-19-17h03m28s017.jpg,good,data_2
vlcsnap-2025-02-19-14h52m23s948.jpg,good,data_2
vlcsnap-2025-02-19-16h24m45s810.jpg,good,data_2
vlcsnap-2025-02-26-20h37m48s454.jpg,good,data_2
vlcsnap-2025-02-18-23h18m28s528.jpg,good,data_2
vlcsnap_2025-03-16-15h30m23s580.jpg,good,data_2
vlcsnap-2025-02-26-20h41m52s021.jpg,good,data_2
vlcsnap-2025-02-19-14h14m46s982.jpg,good,data_2
vlcsnap-2025-02-19-14h19m01s897.jpg,good,data_2
vlcsnap-2025-02-18-23h14m25s029.jpg,good,data_2
vlcsnap-2025-02-18-23h25m13s140.jpg,good,data_2
vlcsnap-2025-02-18-23h30m33s636.jpg,good,data_2
vlcsnap-2025-02-19-14h18m49s834.jpg,good,data_2
vlcsnap-2025-02-18-18h43m32s772.jpg,good,data_2
vlcsnap-00102.jpg,good,data_2
vlcsnap-2025-02-19-14h24m12s307.jpg,good,data_2
vlcsnap-2025-02-18-18h36m51s018.jpg,good,data_2
vlcsnap-00116.jpg,good,data_2
vlcsnap-2025-02-18-17h04m45s733.jpg,good,data_2
vlcsnap-2025-02-18-18h44m45s268.jpg,good,data_2
vlcsnap_2025-03-16-15h30m10s410.jpg,good,data_2
vlcsnap-2025-02-19-14h06m44s323.jpg,good,data_2
vlcsnap-2025-02-19-14h16m49s024.jpg,good,data_2
vlcsnap-2025-02-19-13h56m08s483.jpg,good,data_2
vlcsnap-2025-02-18-17h02m56s214.jpg,good,data_2
vlcsnap-2025-02-26-20h36m26s812.jpg,good,data_2
vlcsnap-2025-02-19-14h19m30s631.jpg,good,data_2
vlcsnap-2025-02-18-18h47m45s299.jpg,good,data_2
vlcsnap-2025-02-19-15h11m11s690.jpg,good,data_2
vlcsnap-2025-02-18-17h04m50s312.jpg,good,data_2
vlcsnap-2025-02-19-13h53m21s401.jpg,good,data_2
vlcsnap-2025-02-26-20h41m12s003.jpg,good,data_2
vlcsnap-2025-02-26-20h40m30s059.jpg,good,data_2
vlcsnap_2025-03-16-15h18m31s059.jpg,good,data_2
vlcsnap-2025-02-18-18h30m39s702.jpg,good,data_2
vlcsnap-2025-02-18-17h05m09s029.jpg,good,data_2
vlcsnap-2025-02-18-18h32m12s999.jpg,good,data_2
vlcsnap-2025-02-19-14h18m03s281.jpg,good,data_2
vlcsnap-2025-02-26-20h36m30s062.jpg,good,data_2
vlcsnap-2025-02-18-18h46m49s204.jpg,good,data_2
vlcsnap-2025-02-18-18h48m22s424.jpg,good,data_2
vlcsnap-2025-02-19-14h14m49s913.jpg,good,data_2
vlcsnap-2025-02-18-17h10m46s191.jpg,good,data_2
vlcsnap_2025-03-16-15h25m46s232.jpg,good,data_2
vlcsnap-2025-02-19-14h26m38s427.jpg,good,data_2
vlcsnap_2025-03-16-15h14m38s784.jpg,good,data_2
vlcsnap-2025-02-18-17h05m36s438.jpg,good,data_2
vlcsnap-2025-02-19-15h10m14s544.jpg,good,data_2
vlcsnap-2025-02-19-14h19m22s495.jpg,good,data_2
vlcsnap-2025-02-19-14h13m34s715.jpg,good,data_2
vlcsnap-2025-02-19-17h03m47s237.jpg,good,data_2
vlcsnap_2025-03-16-15h14m35s770.jpg,good,data_2
vlcsnap-2025-02-18-17h02m44s073.jpg,good,data_2
vlcsnap-2025-02-18-17h11m14s421.jpg,good,data_2
vlcsnap-2025-02-18-18h39m31s815.jpg,good,data_2
vlcsnap-2025-02-19-16h23m54s244.jpg,good,data_2
vlcsnap-2025-02-18-18h31m04s291.jpg,good,data_2
vlcsnap_2025-03-16-15h15m10s018.jpg,good,data_2
vlcsnap-2025-02-19-14h15m14s413.jpg,good,data_2
vlcsnap-2025-02-19-14h26m42s192.jpg,good,data_2
vlcsnap-2025-02-18-18h46m55s236.jpg,good,data_2
vlcsnap_2025-03-16-15h22m34s484.jpg,good,data_2
vlcsnap-00089.jpg,good,data_2
vlcsnap_2025-03-16-15h17m09s290.jpg,good,data_2
vlcsnap-2025-02-18-18h47m06s542.jpg,good,data_2
vlcsnap-2025-02-26-20h31m51s717.jpg,good,data_2
vlcsnap-00076.jpg,good,data_2
vlcsnap-2025-02-26-20h41m23s874.jpg,good,data_2
vlcsnap-00062.jpg,good,data_2
vlcsnap-2025-02-19-14h23m51s336.jpg,good,data_2
vlcsnap-2025-02-18-17h11m29s874.jpg,good,data_2
vlcsnap-2025-02-19-14h51m58s173.jpg,good,data_2
vlcsnap-00048.jpg,good,data_2
vlcsnap-2025-02-19-13h55m07s152.jpg,good,data_2
vlcsnap-00074.jpg,good,data_2
vlcsnap-2025-02-18-18h32m04s510.jpg,good,data_2
vlcsnap-00060.jpg,good,data_2
vlcsnap-2025-02-18-18h47m13s411.jpg,good,data_2
vlcsnap-2025-02-19-16h24m54s590.jpg,good,data_2
vlcsnap-2025-02-19-14h23m48s900.jpg,good,data_2
vlcsnap-2025-02-19-13h53m10s535.jpg,good,data_2
vlcsnap-2025-02-19-14h29m43s309.jpg,good,data_2
vlcsnap-2025-02-18-18h45m19s766.jpg,good,data_2
vlcsnap-2025-02-26-20h32m47s212.jpg,good,data_2
vlcsnap-2025-02-19-14h21m40s743.jpg,good,data_2
vlcsnap-2025-02-18-18h33m14s420.jpg,good,data_2
vlcsnap-2025-02-26-20h33m45s025.jpg,good,data_2
vlcsnap-2025-02-19-14h13m58s032.jpg,good,data_2
vlcsnap-2025-02-18-18h47m15s656.jpg,good,data_2
vlcsnap-2025-02-19-14h08m40s522.jpg,good,data_2
vlcsnap-2025-02-18-17h03m41s574.jpg,good,data_2
vlcsnap-2025-02-18-18h30m58s172.jpg,good,data_2
vlcsnap-2025-02-18-17h11m25s878.jpg,good,data_2
vlcsnap-2025-02-19-14h14m52s036.jpg,good,data_2
vlcsnap-2025-02-19-14h53m38s996.jpg,good,data_2
vlcsnap-2025-02-26-20h39m14s304.jpg,good,data_2
vlcsnap-2025-02-26-20h35m37s990.jpg,good,data_2
vlcsnap-2025-02-18-23h29m48s551.jpg,good,data_2
vlcsnap-2025-02-19-15h05m48s501.jpg,good,data_2
vlcsnap-2025-02-19-14h30m26s173.jpg,good,data_2
vlcsnap-2025-02-19-14h50m09s851.jpg,good,data_2
vlcsnap-2025-02-19-14h26m33s245.jpg,good,data_2
vlcsnap-2025-02-26-20h35m31s123.jpg,good,data_2
vlcsnap-2025-02-18-17h06m27s551.jpg,good,data_2
vlcsnap-2025-02-18-18h30m25s530.jpg,good,data_2
vlcsnap-2025-02-19-13h52m49s424.jpg,good,data_2
vlcsnap-2025-02-19-14h51m34s534.jpg,good,data_2
vlcsnap-2025-02-26-20h41m13s574.jpg,good,data_2
vlcsnap-2025-02-18-23h14m03s217.jpg,good,data_2
vlcsnap-2025-02-19-14h19m00s660.jpg,good,data_2
vlcsnap-2025-02-19-14h17m35s419.jpg,good,data_2
vlcsnap-2025-02-18-23h15m27s988.jpg,good,data_2
vlcsnap-00128.jpg,good,data_2
vlcsnap-2025-02-19-14h27m15s411.jpg,good,data_2
vlcsnap-00100.jpg,good,data_2
vlcsnap-2025-02-19-15h11m06s611.jpg,good,data_2
vlcsnap-00114.jpg,good,data_2
vlcsnap-2025-02-18-17h02m49s318.jpg,good,data_2
vlcsnap-2025-02-18-18h46m52s102.jpg,good,data_2
20250219_170909.jpg,good,data_2
vlcsnap-2025-02-19-14h30m24s704.jpg,good,data_2
vlcsnap-2025-02-19-14h22m33s748.jpg,good,data_2
vlcsnap-2025-02-18-18h43m36s432.jpg,good,data_2
vlcsnap-2025-02-26-20h36m55s008.jpg,good,data_2
vlcsnap-2025-02-19-14h24m26s982.jpg,good,data_2
vlcsnap-2025-02-19-13h53m16s389.jpg,good,data_2
vlcsnap_2025-03-16-15h29m08s982.jpg,good,data_2
vlcsnap-2025-02-19-16h21m52s936.jpg,good,data_2
vlcsnap_2025-03-16-15h28m19s121.jpg,good,data_2
vlcsnap-2025-02-19-14h48m52s934.jpg,good,data_2
vlcsnap-2025-02-19-14h13m47s049.jpg,good,data_2
vlcsnap-2025-02-19-14h42m52s398.jpg,good,data_2
vlcsnap-2025-02-18-23h15m06s511.jpg,good,data_2
vlcsnap-2025-02-19-14h59m11s394.jpg,good,data_2
vlcsnap-2025-02-26-20h37m51s079.jpg,good,data_2
vlcsnap-2025-02-18-18h36m09s361.jpg,good,data_2
vlcsnap-00115.jpg,good,data_2
vlcsnap-2025-02-19-15h07m55s743.jpg,good,data_2
vlcsnap-2025-02-26-20h33m31s511.jpg,good,data_2
vlcsnap-2025-02-26-20h36m07s853.jpg,good,data_2
vlcsnap-2025-02-18-23h24m36s429.jpg,good,data_2
vlcsnap_2025-03-16-15h22m36s804.jpg,good,data_2
vlcsnap-00101.jpg,good,data_2
vlcsnap-2025-02-19-13h55m53s838.jpg,good,data_2
vlcsnap-2025-02-19-14h08m51s334.jpg,good,data_2
vlcsnap-00129.jpg,good,data_2
vlcsnap-2025-02-19-14h24m29s457.jpg,good,data_2
vlcsnap-2025-02-18-18h31m27s921.jpg,good,data_2
vlcsnap-2025-02-18-23h28m43s566.jpg,good,data_2
vlcsnap-2025-02-19-14h22m19s590.jpg,good,data_2
vlcsnap-2025-02-18-18h46m32s833.jpg,good,data_2
vlcsnap-2025-02-19-14h25m42s996.jpg,good,data_2
vlcsnap-2025-02-19-14h13m53s121.jpg,good,data_2
vlcsnap-2025-02-18-23h24m03s729.jpg,good,data_2
vlcsnap-2025-02-19-14h21m34s505.jpg,good,data_2
vlcsnap-2025-02-18-18h36m05s347.jpg,good,data_2
vlcsnap-2025-02-19-15h10m25s854.jpg,good,data_2
vlcsnap_2025-03-16-15h24m14s150.jpg,good,data_2
vlcsnap-2025-02-19-13h56m06s574.jpg,good,data_2
vlcsnap-2025-02-26-20h32m26s663.jpg,good,data_2
vlcsnap-2025-02-18-23h08m17s021.jpg,good,data_2
20250219_165652.jpg,good,data_2
vlcsnap_2025-03-16-15h26m56s149.jpg,good,data_2
vlcsnap-2025-02-19-15h02m47s247.jpg,good,data_2
vlcsnap-2025-02-18-17h05m03s303.jpg,good,data_2
vlcsnap-2025-02-18-18h30m28s260.jpg,good,data_2
vlcsnap-2025-02-19-14h18m14s188.jpg,good,data_2
vlcsnap-2025-02-19-14h52m10s428.jpg,good,data_2
vlcsnap-2025-02-18-23h25m14s922.jpg,good,data_2
vlcsnap-2025-02-19-14h17m27s864.jpg,good,data_2
vlcsnap-2025-02-19-14h17m59s275.jpg,good,data_2
vlcsnap-2025-02-19-14h26m23s481.jpg,good,data_2
vlcsnap-2025-02-19-17h13m51s627.jpg,good,data_2
vlcsnap-2025-02-18-23h14m17s752.jpg,good,data_2
vlcsnap-2025-02-19-14h13m56s676.jpg,good,data_2
vlcsnap-2025-02-18-23h28m55s133.jpg,good,data_2
vlcsnap_2025-03-16-15h18m48s028.jpg,good,data_2
vlcsnap-2025-02-19-14h22m30s503.jpg,good,data_2
vlcsnap-2025-02-18-18h46m18s546.jpg,good,data_2
vlcsnap-2025-02-26-20h35m25s328.jpg,good,data_2
vlcsnap_2025-03-16-15h17m12s949.jpg,good,data_2
vlcsnap-2025-02-19-14h11m10s511.jpg,good,data_2
20250223_144853.jpg,good,data_2
20250223_144304.jpg,good,data_2
vlcsnap-2025-02-26-20h35m16s086.jpg,good,data_2
vlcsnap-2025-02-26-20h39m09s118.jpg,good,data_2
vlcsnap-2025-02-19-14h49m27s850.jpg,good,data_2
20250223_144310.jpg,good,data_2
vlcsnap-2025-02-26-20h36m06s513.jpg,good,data_2
vlcsnap-2025-02-19-14h29m42s669.jpg,good,data_2
vlcsnap-2025-02-19-17h05m51s656.jpg,good,data_2
vlcsnap-00061.jpg,good,data_2
vlcsnap-2025-02-19-14h23m20s369.jpg,good,data_2
vlcsnap-2025-02-18-18h35m45s790.jpg,good,data_2
vlcsnap-2025-02-18-17h02m58s718.jpg,good,data_2
vlcsnap-00075.jpg,good,data_2
vlcsnap-00049.jpg,good,data_2
